name,race,gender,first_appearance,first_appearance_year,game_count,game_names,description_preview,auto_flag,flag_reason,keep_suggested,keep,tier
Princess Zelda,Hylian,Female,The Legend of Zelda,1986,17,The Legend of Zelda; Zelda II: The Adventure of Link; The Legend of Zelda: A Link to the Past; The Legend of Zelda: Ocarina of Time; The Legend of Zelda: Majora's Mask; The Legend of Zelda: Oracle of Seasons; The Legend of Zelda: Oracle of Ages; The Legend of Zelda: Four Swords; The Legend of Zelda: The Wind Waker; The Legend of Zelda: Four Swords Adventures; The Legend of Zelda: The Minish Cap; The Legend of Zelda: Twilight Princess; The Legend of Zelda: Phantom Hourglass; The Legend of Zelda: Spirit Tracks; The Legend of Zelda: Skyward Sword; The Legend of Zelda: A Link Between Worlds; The Legend of Zelda: Breath of the Wild,"Zelda, traditionally Princess Zelda, is the eponymous character of The Legend of Zelda series. With the exception of Link's Awakening, Majora's Mask, ",FALSE,,yes,yes,
Impa,Sheikah,Female,The Legend of Zelda,1986,8,The Legend of Zelda; Zelda II: The Adventure of Link; The Legend of Zelda: Ocarina of Time; The Legend of Zelda: Oracle of Seasons; The Legend of Zelda: Oracle of Ages; The Legend of Zelda: Skyward Sword; The Legend of Zelda: A Link Between Worlds; The Legend of Zelda: Breath of the Wild,"Impa  is the family name of several female members of the Sheikah, a mysterious tribe that has served and protected the Royal Family of Hyrule for man",FALSE,,yes,yes,
Malon, ,Female,The Legend of Zelda: Ocarina of Time,1998,4,The Legend of Zelda: Ocarina of Time; The Legend of Zelda: Oracle of Seasons; The Legend of Zelda: Four Swords Adventures; The Legend of Zelda: The Minish Cap,"Malon is a recurring character in The Legend of Zelda series. In the majority of games she has appeared in, she is the daughter of the rancher Talon, ",TRUE,no_race_but_recurring,yes,yes,
Niko,Hylian,Male,The Legend of Zelda: The Wind Waker,2003,4,The Legend of Zelda: The Wind Waker; The Legend of Zelda: Four Swords Adventures; The Legend of Zelda: Phantom Hourglass; The Legend of Zelda: Spirit Tracks,Niko is a recurring character in The Legend of Zelda series. He is a member of Tetra's Pirate Crew. He is the skivvy and the lowest-ranking crew membe,FALSE,,yes,yes,
Twinrova,Gerudo,Female,The Legend of Zelda: Ocarina of Time,1998,4,The Legend of Zelda: Ocarina of Time; The Legend of Zelda: Majora's Mask; The Legend of Zelda: Oracle of Seasons; The Legend of Zelda: Oracle of Ages,"Koume and Kotake, collectively known as Twinrova, are a recurring pair of Gerudo twin witches in The Legend of Zelda series. They are known as the Sor",FALSE,,yes,yes,
Gonzo,Hylian,Male,The Legend of Zelda: The Wind Waker,2003,3,The Legend of Zelda: The Wind Waker; The Legend of Zelda: Four Swords Adventures; The Legend of Zelda: Phantom Hourglass,"Gonzo is a recurring character in The Legend of Zelda series. He is a member of Tetra's Pirate Crew. In The Wind Waker, he is often seen at the helm o",FALSE,,yes,yes,
Happy Mask Salesman, ,Male,The Legend of Zelda: Ocarina of Time,1998,3,The Legend of Zelda: Ocarina of Time; The Legend of Zelda: Majora's Mask; The Legend of Zelda: Oracle of Ages,"The Happy Mask Salesman, also known as the Happy Mask Shop Owner, is a recurring character in The Legend of Zelda series. ",TRUE,no_race_but_recurring,yes,yes,
Mako,Hylian,Male,The Legend of Zelda: The Wind Waker,2003,3,The Legend of Zelda: The Wind Waker; The Legend of Zelda: Four Swords Adventures; The Legend of Zelda: Phantom Hourglass,Mako is a recurring character in The Legend of Zelda series. He is a member of Tetra's Pirate Crew. He has a rather limited role as he rarely ever spe,FALSE,,yes,yes,
Royal Guard,,,The Legend of Zelda: Ocarina of Time,1998,3,The Legend of Zelda: Ocarina of Time; The Legend of Zelda: Twilight Princess; The Legend of Zelda: Breath of the Wild,"Royal Guards are bodyguards dedicated and designated to protect the Royal Family, particularly the king and princess of Hyrule Kingdom. ",TRUE,no_race_but_recurring,yes,yes,
Animal Companion,,,The Legend of Zelda: Oracle of Seasons,2001,2,The Legend of Zelda: Oracle of Seasons; The Legend of Zelda: Oracle of Ages,"The Animal Companions are three characters in Oracle of Seasons and Oracle of Ages: Ricky, Moosh, and Dimitri. They become Link's Mounts when he needs",TRUE,no_race,yes,yes,
Phantom Zelda,Phantom,Female,The Legend of Zelda: Spirit Tracks,2009,2,The Legend of Zelda: Spirit Tracks; The Legend of Zelda: Breath of the Wild,"Phantom Zelda is a recurring character in The Legend of Zelda series. Phantom Zelda goes unnamed in Breath of the Wild, Hyrule Warriors, and Super Sma",FALSE,,yes,yes,
Professor Shikashi,Hylian,Male,The Legend of Zelda: Ocarina of Time,1998,2,The Legend of Zelda: Ocarina of Time; The Legend of Zelda: Majora's Mask,Professor Shikashi is a recurring character in The Legend of Zelda series. Professor Shikashi goes unnamed in Ocarina of Time. ,FALSE,,yes,yes,
Red Juggler,Hylian,,The Legend of Zelda: Ocarina of Time,1998,2,The Legend of Zelda: Ocarina of Time; The Legend of Zelda: Majora's Mask,The Red Juggler is a recurring character in The Legend of Zelda series. The Red Juggler goes unnamed in Ocarina of Time. ,FALSE,,yes,yes,
Toon Zelda,Hylian,Female,Hyrule Warriors,2014,2,Hyrule Warriors; Hyrule Warriors Legends,"Toon Zelda is a playable Warrior in Hyrule Warriors, appearing in the Phantom Hourglass &amp; Spirit Tracks DLC pack. Her design is based on Zelda's a",FALSE,,yes,yes,
Anjean,Lokomo,Female,The Legend of Zelda: Spirit Tracks,2009,1,The Legend of Zelda: Spirit Tracks,"Anjean  is a character in Spirit Tracks. She is a member of the Lokomo people and the protector of the Tower of Spirits, the central hub of the Spirit",FALSE,,yes,yes,
Carben,Lokomo,Male,The Legend of Zelda: Spirit Tracks,2009,1,The Legend of Zelda: Spirit Tracks,Carben is a character from Spirit Tracks. He is a member of the Lokomo race and Guardian of the Ocean Realm who resides in the Ocean Sanctuary. Like t,FALSE,,yes,yes,
Cargo,,,The Legend of Zelda: Spirit Tracks,2009,1,The Legend of Zelda: Spirit Tracks,Cargo is a mechanic in Spirit Tracks. It refers to Link's ability to transport goods from Station to Station in the Freight Car of the Spirit Train. ,TRUE,no_race,yes,yes,
Chiko,Human,,Freshly-Picked Tingle's Rosy Rupeeland,2006,1,Freshly-Picked Tingle's Rosy Rupeeland,"Chiko is a young girl who appears in Freshly-Picked Tingle's Rosy Rupeeland. She lives in Port Town with her mother. When Tingle meets her, she tells ",FALSE,,yes,yes,
Craftsman,Hylian,Male,The Legend of Zelda: A Link Between Worlds,2013,1,The Legend of Zelda: A Link Between Worlds,"The Craftsman is a character in A Link Between Worlds. It is the name of two characters in Hyrule and Lorule, both who work for their worlds' respecti",FALSE,,yes,yes,
Darunia,Goron,Male,The Legend of Zelda: Ocarina of Time,1998,1,The Legend of Zelda: Ocarina of Time,"Darunia, also known as The Passionate Brother, is a recurring character in The Legend of Zelda series. He is the leader of the Hyrulean Gorons and the",FALSE,,yes,yes,
Dazzle Lyphos,Hyrulean (assumed),Male,Freshly-Picked Tingle's Rosy Rupeeland,2006,1,Freshly-Picked Tingle's Rosy Rupeeland,"Dazzle Lyphos was a hero that lived long ago in Freshly-Picked Tingle's Rosy Rupeeland. He was the guardian of Port Town. Although he fought bravely, ",FALSE,,yes,yes,
Dion,,,The Legend of Zelda: Link's Awakening DX,1998,1,The Legend of Zelda: Link's Awakening DX,Dion is one of the skeletal guards of the Color Dungeon in Link's Awakening DX. Dion goes unnamed in Link's Awakening DX. ,TRUE,no_race,yes,yes,
Embrose,Lokomo,Male,The Legend of Zelda: Spirit Tracks,2009,1,The Legend of Zelda: Spirit Tracks,Embrose is a character from Spirit Tracks. He is the Lokomo who guards the Fire Realm from within the Fire Sanctuary. Like the rest of the Lokomo peop,FALSE,,yes,yes,
Faux Hero,Human,Male,The Legend of Zelda: Tri Force Heroes,2015,1,The Legend of Zelda: Tri Force Heroes,"The Faux Hero is a character in Tri Force Heroes. He is a young boy who wishes to become Hytopia's hero, but does not have the right qualifications. H",FALSE,,yes,yes,
Fierce Deity Link,/,Male,The Legend of Zelda: Majora's Mask,2000,1,The Legend of Zelda: Majora's Mask,"Fierce Deity Link is one of the transformations Link turns into in Majora's Mask, achieved by wearing the Fierce Deity's Mask. This transforms him int",FALSE,,yes,yes,
Floodgate Keeper,Human,Male,The Legend of Zelda: Oracle of Seasons,2001,1,The Legend of Zelda: Oracle of Seasons,"The Floodgate Keeper is a man in Oracle of Seasons. He resides in the Spool Swamp, and is usually in possession of the Poison Moth's Lair's Floodgate ",FALSE,,yes,yes,
Gar,,,The Legend of Zelda: Link's Awakening DX,1998,1,The Legend of Zelda: Link's Awakening DX,Gar is one of the skeletal guards of the Color Dungeon in Link's Awakening DX. Gar goes unnamed in Link's Awakening DX. ,TRUE,no_race,yes,yes,
Gnash,Canine,,Freshly-Picked Tingle's Rosy Rupeeland,2006,1,Freshly-Picked Tingle's Rosy Rupeeland,Gnash is a small bodyguard with a smart personality found on the second continent of Freshly-Picked Tingle's Rosy Rupeeland. Another graduate of an el,FALSE,,yes,yes,
Gorman Troupe,,,The Legend of Zelda: Majora's Mask,2000,1,The Legend of Zelda: Majora's Mask,"The Gorman Troupe is group of carnival entertainers who were scheduled to perform at the Carnival of Time in Majora's Mask. However, since Lulu of The",TRUE,no_race,yes,yes,
Gramps,Hylian,Male,The Legend of Zelda: A Link Between Worlds,2013,1,The Legend of Zelda: A Link Between Worlds,"Gramps is a character that appears in A Link Between Worlds. He is an elderly citizen in charge of the game's StreetPass functionality, Shadow Link Ba",FALSE,,yes,yes,
Holly,Human,Female,The Legend of Zelda: Oracle of Seasons,2001,1,The Legend of Zelda: Oracle of Seasons,"Holly is a girl who resides in Woods of Winter in Oracle of Seasons. To get in the Snake's Remains, Link must acquire a Shovel from her. ",FALSE,,yes,yes,
Honey and Darling,Hylian,,The Legend of Zelda: Majora's Mask,2000,1,The Legend of Zelda: Majora's Mask,"Honey and Darling  are characters in Majora's Mask. Honey is the woman with red hair, while Darling is the brown-haired man. ",FALSE,,yes,yes,
Irene,Hylian,Female,The Legend of Zelda: A Link Between Worlds,2013,1,The Legend of Zelda: A Link Between Worlds,Irene is one of the Seven Sages in A Link Between Worlds. She is the apprentice of the Witch who lives near Zora's Domain.  ,FALSE,,yes,yes,
Kane,,Male,The Legend of Zelda: The Wind Waker,2003,1,The Legend of Zelda: The Wind Waker,"Kane is a sailor residing on Windfall Island in The Wind Waker. Kane will say different things, depending on the decorations above the gate of Windfal",TRUE,no_race,yes,yes,
Kenzo,Human,Male,The Legend of Zelda: Spirit Tracks,2009,1,The Legend of Zelda: Spirit Tracks,"Kenzo is a character in Spirit Tracks. He lives alone in an isolated abode within the Snow Realm. He is a bridge worker and, like many characters and ",FALSE,,yes,yes,
Killer Bees,,,The Legend of Zelda: The Wind Waker,2003,1,The Legend of Zelda: The Wind Waker,"The Killer Bees are a gang of four trouble-making boys who live on Windfall Island in The Wind Waker. The gang consists of the leader Ivan, Jin, Jan, ",TRUE,no_race,yes,yes,
King Rhoam,", ",Male,The Legend of Zelda: Breath of the Wild,2017,1,The Legend of Zelda: Breath of the Wild,King Rhoam Bosphoramus Hyrule is a character in Breath of the Wild. He is the former King of Hyrule and the first person that Link encounters after aw,FALSE,,yes,yes,
King of Hyrule,Hylian,Male,Zelda II: The Adventure of Link,1987,1,Zelda II: The Adventure of Link,The King of Hyrule was a wise ruler of the kingdom of Hyrule long in its past that was featured in the backstory of The Adventure of Link. He was the ,FALSE,,yes,yes,
Laruto,Zora,Female,The Legend of Zelda: The Wind Waker,2003,1,The Legend of Zelda: The Wind Waker,"Laruto is the former Sage of Earth in The Wind Waker. She is a Zora, the only one of her race to appear in The Wind Waker. She was born in Zora's Doma",FALSE,,yes,yes,
Malladus,Demon,Male,The Legend of Zelda: Spirit Tracks,2009,1,The Legend of Zelda: Spirit Tracks,Malladus is the primary antagonist of Spirit Tracks. He is a powerful demon that once terrorized the land that would eventually be home to the new kin,FALSE,,yes,yes,
Mighty Muscles,Human,Male,Freshly-Picked Tingle's Rosy Rupeeland,2006,1,Freshly-Picked Tingle's Rosy Rupeeland,Mighty Muscles is a large bodyguard with a smart personality found on the first continent of Freshly-Picked Tingle's Rosy Rupeeland. He is a man with ,FALSE,,yes,yes,
Milk Bar Owner,Hylian,Male,The Legend of Zelda: A Link Between Worlds,2013,1,The Legend of Zelda: A Link Between Worlds,The Milk Bar Owner is the name of two characters in A Link Between Worlds. They run the Milk Bars in their respective worlds of Hyrule and Lorule.  ,FALSE,,yes,yes,
Missy,,Female,The Legend of Zelda: The Wind Waker,2003,1,The Legend of Zelda: The Wind Waker,"Missy is a character in The Wind Waker. She is a resident of Windfall Island and the mother of Dampa the Sailor, and can mostly be found on the second",TRUE,no_race,yes,yes,
Monk,,,The Legend of Zelda: Breath of the Wild,2017,1,The Legend of Zelda: Breath of the Wild,"The Monks are a group of characters in Breath of the Wild. They are ancient people who reside at the end of Ancient Shrines, awaiting the arrival of L",TRUE,no_race,yes,yes,
Nabooru,Gerudo,Female,The Legend of Zelda: Ocarina of Time,1998,1,The Legend of Zelda: Ocarina of Time,"Nabooru  is a character in Ocarina of Time. She is the second-in-command of the Gerudo, Ganondorf being her only superior. She has a second-in-command",FALSE,,yes,yes,
Navi,Fairy,Female,The Legend of Zelda: Ocarina of Time,1998,1,The Legend of Zelda: Ocarina of Time,Navi  is a recurring character in The Legend of Zelda series. She is a Fairy who serves as Link's companion in his quest to save Hyrule. ,FALSE,,yes,yes,
Osfala,Hylian,Male,The Legend of Zelda: A Link Between Worlds,2013,1,The Legend of Zelda: A Link Between Worlds,Osfala is a character in A Link Between Worlds. He is a headstrong young man and Sahasrahla's apprentice. He is the second descendant of the original ,FALSE,,yes,yes,
Oshus,Deity (Appears ,Male,The Legend of Zelda: Phantom Hourglass,2007,1,The Legend of Zelda: Phantom Hourglass,"Oshus, also known as the Ocean King, is a character in Phantom Hourglass. He watches over the World of the Ocean King. He is the creator of the Phanto",FALSE,,yes,yes,
Pamela,Human,Female,The Legend of Zelda: Majora's Mask,2000,1,The Legend of Zelda: Majora's Mask,Pamela is a character in Majora's Mask. She is the daughter of a research scientist at the Music Box House in Ikana Canyon. When her father succumbs t,FALSE,,yes,yes,
Princess Hilda,Hylian,Female,The Legend of Zelda: A Link Between Worlds,2013,1,The Legend of Zelda: A Link Between Worlds,"Princess Hilda, also known simply as Hilda, is the princess of Lorule and a principal character in A Link Between Worlds. As she appears as a darker, ",FALSE,,yes,yes,
Rael,Lokomo,Male,The Legend of Zelda: Spirit Tracks,2009,1,The Legend of Zelda: Spirit Tracks,Rael is a character in Spirit Tracks. He is a member of the Lokomo race and Guardian of the Sand Realm who resides in the Sand Sanctuary. Like the res,FALSE,,yes,yes,
Rafton,Human,Male,The Legend of Zelda: Oracle of Ages,2001,1,The Legend of Zelda: Oracle of Ages,Rafton is a raft maker in the past of Oracle of Ages. He lives in a small house south of the Black Tower in Lynna Village and builds a Raft for Link t,FALSE,,yes,yes,
Ralph,Human,Male,The Legend of Zelda: Oracle of Ages,2001,1,The Legend of Zelda: Oracle of Ages,"Ralph is character in Oracle of Ages. He is Nayru's childhood friend and loyal guardian. Although he is stubborn and hotheaded, rarely pondering the c",FALSE,,yes,yes,
Romanos,Human,Male,The Legend of Zelda: Phantom Hourglass,2007,1,The Legend of Zelda: Phantom Hourglass,"Romanos is a character in Phantom Hourglass. He lives on Molida Island with his mother. Romanos acts rudely towards Link at first, but he eventually h",FALSE,,yes,yes,
Royal Engineer,,,The Legend of Zelda: Spirit Tracks,2009,1,The Legend of Zelda: Spirit Tracks,"Royal Engineer, also known as Train Engineer, is a title in Spirit Tracks. It is given those in charge of transporting both people and goods via train",TRUE,no_race,yes,yes,
Scarper,Human,Male,Freshly-Picked Tingle's Rosy Rupeeland,2006,1,Freshly-Picked Tingle's Rosy Rupeeland,Scarper is a medium bodyguard with a lazy personality found on the second continent of Freshly-Picked Tingle's Rosy Rupeeland. Looks like he’s deep in,FALSE,,yes,yes,
Season Spirit,,,The Legend of Zelda: Oracle of Seasons,2001,1,The Legend of Zelda: Oracle of Seasons,The Season Spirits are four fairy-like beings acting as the source of Seasons and perhaps even the oracle Din's power. Each corner of the Temple of Se,TRUE,no_race,yes,yes,
Shurmak,,Female,Zelda's Adventure,1995,1,Zelda's Adventure,"Shurmak is a character in Zelda's Adventure. She is Princess Zelda's guide through Tolemac, and gives her advice on navigating the land and its shrine",TRUE,no_race,yes,yes,
Steem,Lokomo,Male,The Legend of Zelda: Spirit Tracks,2009,1,The Legend of Zelda: Spirit Tracks,Steem is a character from Spirit Tracks. He is a member of the Lokomo race and Guardian of the Snow Realm who resides in the Snow Sanctuary. Like the ,FALSE,,yes,yes,
Tonpei,Human?,Male,Freshly-Picked Tingle's Rosy Rupeeland,2006,1,Freshly-Picked Tingle's Rosy Rupeeland,Tonpei is a small bodyguard with a lazy personality found on the second continent of Freshly-Picked Tingle's Rosy Rupeeland. He is the founder of the ,FALSE,,yes,yes,
Town Guard,,Male,Freshly-Picked Tingle's Rosy Rupeeland,2006,1,Freshly-Picked Tingle's Rosy Rupeeland,"The Town Guard is a character in Freshly-Picked Tingle's Rosy Rupeeland. His job is to protect the town, although he has also travelled out into the w",TRUE,no_race,yes,yes,
Uncle Rupee,,,Freshly-Picked Tingle's Rosy Rupeeland,2006,1,Freshly-Picked Tingle's Rosy Rupeeland,Uncle Rupee is a character in Freshly-Picked Tingle's Rosy Rupeeland. He promises Tingle entrance to the paradise of Rupeeland if he is able to collec,TRUE,no_race,yes,yes,
Wizzro,,Male,Hyrule Warriors,2014,1,Hyrule Warriors,"Wizzro, also known as the Dark Wizard, is an antagonist in Hyrule Warriors. In the version 1.3.0 update, he is also a playable Warrior. ",TRUE,no_race,yes,yes,
Yokan,,Male,Zelda: The Wand of Gamelon,1993,1,Zelda: The Wand of Gamelon,Yokan is a character in The Wand of Gamelon. He is a man who Zelda encounters several times on her adventure in Gamelon. ,TRUE,no_race,yes,yes,
Yuga,,Male,The Legend of Zelda: A Link Between Worlds,2013,1,The Legend of Zelda: A Link Between Worlds,"Yuga is an evil sorcerer and one of the two primary antagonists of A Link Between Worlds. At the beginning of the game, Yuga hunts the descendants of ",TRUE,no_race,yes,yes,
Zant,Twili,Male,The Legend of Zelda: Twilight Princess,2006,1,The Legend of Zelda: Twilight Princess,"Zant  is one of two main antagonists in Twilight Princess. He is the self-proclaimed King of Twilight, although Midna claims he is the King of Shadows",FALSE,,yes,yes,
Zonma,Human,Female,Freshly-Picked Tingle's Rosy Rupeeland,2006,1,Freshly-Picked Tingle's Rosy Rupeeland,"Zonma is found on the first continent of Freshly-Picked Tingle's Rosy Rupeeland. She is considered a medium bodyguard with a combative personality, me",FALSE,,yes,yes,
Zora Link,Zora,Male,The Legend of Zelda: Majora's Mask,2000,1,The Legend of Zelda: Majora's Mask,"Zora Link is one of the forms Link can transform into in Majora's Mask, achieved by wearing the Zora Mask. It is one of four Mask transformations in t",FALSE,,yes,yes,
Epona,,Female,The Legend of Zelda: Ocarina of Time,1998,5,The Legend of Zelda: Ocarina of Time; The Legend of Zelda: Majora's Mask; The Legend of Zelda: The Minish Cap; The Legend of Zelda: Twilight Princess; The Legend of Zelda: Breath of the Wild,Epona  is a recurring character in The Legend of Zelda series. ,TRUE,no_race_but_recurring,review,review,
King Zora,Zora,Male,The Legend of Zelda: A Link to the Past,1992,4,The Legend of Zelda: A Link to the Past; The Legend of Zelda: Ocarina of Time; The Legend of Zelda: Oracle of Ages; The Legend of Zelda: Twilight Princess,King Zora is a recurring character in The Legend of Zelda series. He is the leader of the Zora race. ,FALSE,,review,review,
Goron Elder,Goron,Male,The Legend of Zelda: Majora's Mask,2000,3,The Legend of Zelda: Majora's Mask; The Legend of Zelda: Oracle of Ages; The Legend of Zelda: Spirit Tracks,Goron Elders are recurring characters in The Legend of Zelda series. ,FALSE,,review,review,
Ingo,Hylian,Male,The Legend of Zelda: Ocarina of Time,1998,3,The Legend of Zelda: Ocarina of Time; The Legend of Zelda: Oracle of Seasons; The Legend of Zelda: A Link Between Worlds,Ingo is a recurring character in The Legend of Zelda series. ,FALSE,,review,review,
Kaepora Gaebora,,Neuter,The Legend of Zelda: Ocarina of Time,1998,3,The Legend of Zelda: Ocarina of Time; The Legend of Zelda: Majora's Mask; The Legend of Zelda: Four Swords Adventures,Kaepora Gaebora  is a recurring character in The Legend of Zelda series. ,TRUE,no_race_but_recurring,review,review,
Knuckle,Hylian,Male,The Legend of Zelda: The Wind Waker,2003,3,The Legend of Zelda: The Wind Waker; The Legend of Zelda: Four Swords Adventures; The Legend of Zelda: The Minish Cap,Knuckle is a recurring character in The Legend of Zelda series. ,FALSE,,review,review,
Mamamu Yan,Hylian,Female,The Legend of Zelda: Ocarina of Time,1998,3,The Legend of Zelda: Ocarina of Time; The Legend of Zelda: Majora's Mask; The Legend of Zelda: Oracle of Ages,Mamamu Yan is a recurring character in The Legend of Zelda series. ,FALSE,,review,review,
Salvatore,Hylian,Male,The Legend of Zelda: The Wind Waker,2003,3,The Legend of Zelda: The Wind Waker; The Legend of Zelda: Four Swords Adventures; The Legend of Zelda: Phantom Hourglass,Salvatore is a recurring character in The Legend of Zelda series. ,FALSE,,review,review,
Stockwell,Human,Male,The Legend of Zelda: Oracle of Seasons,2001,3,The Legend of Zelda: Oracle of Seasons; The Legend of Zelda: Oracle of Ages; The Legend of Zelda: The Minish Cap,Stockwell is a recurring character in the The Legend of Zelda series. He is a shopkeeper and proprietor. ,FALSE,,review,review,
Bremor,Hylian,Male,The Legend of Zelda: Majora's Mask,2000,2,The Legend of Zelda: Majora's Mask; The Legend of Zelda: The Minish Cap,Bremor is a recurring character in The Legend of Zelda series. Bremor goes unnamed in Majora's Mask. ,FALSE,,review,review,
Coliseum Receptionist,Human,Male,The Legend of Zelda: A Link Between Worlds,2013,2,The Legend of Zelda: A Link Between Worlds; The Legend of Zelda: Tri Force Heroes,"The Coliseum Receptionist, also known as Captain, is a recurring character in The Legend of Zelda series. ",FALSE,,review,review,
Dina,Hylian,Female,The Legend of Zelda: The Minish Cap,2005,2,The Legend of Zelda: The Minish Cap; The Legend of Zelda: Breath of the Wild,Dina is a recurring character in The Legend of Zelda series. ,FALSE,,review,review,
Doyle,Hylian,Male,The Legend of Zelda: Majora's Mask,2000,2,The Legend of Zelda: Majora's Mask; The Legend of Zelda: The Minish Cap,Doyle is a recurring character in The Legend of Zelda series. Doyle goes unnamed in Majora's Mask. ,FALSE,,review,review,
Flat,,Male,The Legend of Zelda: Ocarina of Time,1998,2,The Legend of Zelda: Ocarina of Time; The Legend of Zelda: Majora's Mask,Flat is a recurring character in The Legend of Zelda series. ,TRUE,no_race,review,review,
Gorman,Hylian,Male,The Legend of Zelda: Majora's Mask,2000,2,The Legend of Zelda: Majora's Mask; The Legend of Zelda: The Minish Cap,Gorman is a recurring character in The Legend of Zelda series. ,FALSE,,review,review,
Great Fairy of Courage,Great Fairy,Female,The Legend of Zelda: Ocarina of Time,1998,2,The Legend of Zelda: Ocarina of Time; The Legend of Zelda: Majora's Mask,The Great Fairy of Courage is a recurring character in The Legend of Zelda series. ,FALSE,,review,review,
Great Fairy of Power,Great Fairy,Female,The Legend of Zelda: Ocarina of Time,1998,2,The Legend of Zelda: Ocarina of Time; The Legend of Zelda: Majora's Mask,The Great Fairy of Power is a recurring character in The Legend of Zelda series. ,FALSE,,review,review,
Great Fairy of Wisdom,Great Fairy,Female,The Legend of Zelda: Ocarina of Time,1998,2,The Legend of Zelda: Ocarina of Time; The Legend of Zelda: Majora's Mask,The Great Fairy of Wisdom is a recurring character in The Legend of Zelda series. ,FALSE,,review,review,
Honey,Hylian,,The Legend of Zelda: Ocarina of Time,1998,2,The Legend of Zelda: Ocarina of Time; The Legend of Zelda: Majora's Mask,Honey is a character in The Legend of Zelda series. Honey goes unnamed in Ocarina of Time. ,FALSE,,review,review,
Jim,Hylian,Male,The Legend of Zelda: Majora's Mask,2000,2,The Legend of Zelda: Majora's Mask; The Legend of Zelda: The Minish Cap,Jim is a recurring character in The Legend of Zelda series.  ,FALSE,,review,review,
Joel,Hylian,Male,The Legend of Zelda: The Wind Waker,2003,2,The Legend of Zelda: The Wind Waker; The Legend of Zelda: The Minish Cap,Joel is a recurring character in the The Legend of Zelda series. ,FALSE,,review,review,
King of Red Lions,,Male,The Legend of Zelda: The Wind Waker,2003,2,The Legend of Zelda: The Wind Waker; The Legend of Zelda: Four Swords Adventures,The King of Red Lions is a recurring character in The Legend of Zelda series. ,TRUE,no_race,review,review,
Linebeck,Hylian,Male,The Legend of Zelda: Phantom Hourglass,2007,2,The Legend of Zelda: Phantom Hourglass; The Legend of Zelda: Spirit Tracks,Linebeck is a recurring character in The Legend of Zelda series. ,FALSE,,review,review,
Maggie,Hylian,Female,The Legend of Zelda: The Wind Waker,2003,2,The Legend of Zelda: The Wind Waker; The Legend of Zelda: The Minish Cap,Maggie is a recurring character in The Legend of Zelda series. ,FALSE,,review,review,
Maku Tree,,Male,The Legend of Zelda: Oracle of Seasons,2001,2,The Legend of Zelda: Oracle of Seasons; The Legend of Zelda: Oracle of Ages,The Maku Tree is a recurring character in The Legend of Zelda series. ,TRUE,no_race,review,review,
Medigoron,Goron,Male,The Legend of Zelda: Ocarina of Time,1998,2,The Legend of Zelda: Ocarina of Time; The Legend of Zelda: Majora's Mask,Medigoron is a recurring character in The Legend of Zelda series. ,FALSE,,review,review,
Mimi, ,Female,The Legend of Zelda: A Link Between Worlds,2013,2,The Legend of Zelda: A Link Between Worlds; The Legend of Zelda: Tri Force Heroes,"Mimi, also known simply as the Girl, is a recurring character in The Legend of Zelda series. ",TRUE,no_race,review,review,
Pierre,Scarecrow,Male,The Legend of Zelda: Ocarina of Time,1998,2,The Legend of Zelda: Ocarina of Time; The Legend of Zelda: Majora's Mask,Pierre is a recurring character in The Legend of Zelda series. ,FALSE,,review,review,
Poe Collector, ,Male,The Legend of Zelda: Ocarina of Time,1998,2,The Legend of Zelda: Ocarina of Time; The Legend of Zelda: Majora's Mask,The Poe Collector is a recurring character in The Legend of Zelda series. ,TRUE,no_race,review,review,
Queen Ambi,Human,Female,The Legend of Zelda: Oracle of Seasons,2001,2,The Legend of Zelda: Oracle of Seasons; The Legend of Zelda: Oracle of Ages,Queen Ambi is a recurring character in The Legend of Zelda series. ,FALSE,,review,review,
Sharp,,Male,The Legend of Zelda: Ocarina of Time,1998,2,The Legend of Zelda: Ocarina of Time; The Legend of Zelda: Majora's Mask,Sharp is a recurring character in The Legend of Zelda series. ,TRUE,no_race,review,review,
Sturgeon,Hylian,Male,The Legend of Zelda: The Wind Waker,2003,2,The Legend of Zelda: The Wind Waker; The Legend of Zelda: The Minish Cap,Sturgeon is a recurring character in The Legend of Zelda series. ,FALSE,,review,review,
Twin Jugglers,Hylian,Male,The Legend of Zelda: Ocarina of Time,1998,2,The Legend of Zelda: Ocarina of Time; The Legend of Zelda: Majora's Mask,The Twin Jugglers are a recurring group in The Legend of Zelda series. The Twin Juggler go unnamed in Majora's Mask. ,FALSE,,review,review,
Zill,Hylian,Male,The Legend of Zelda: The Wind Waker,2003,2,The Legend of Zelda: The Wind Waker; The Legend of Zelda: The Minish Cap,Zill is a recurring character in The Legend of Zelda series. ,FALSE,,review,review,
Anche,Gerudo,,The Legend of Zelda: Breath of the Wild,2017,1,The Legend of Zelda: Breath of the Wild,Anche is a character in Breath of the Wild. ,TRUE,minimal_description,review,review,
Ancient Oven,,,The Legend of Zelda: Breath of the Wild,2017,1,The Legend of Zelda: Breath of the Wild,The Ancient Oven is a character in Breath of the Wild. ,TRUE,no_race,review,review,
Branli,Hylian,,The Legend of Zelda: Breath of the Wild,2017,1,The Legend of Zelda: Breath of the Wild,Branli is a character in Breath of the Wild. ,TRUE,minimal_description,review,review,
Brocco,Hylian,Male,The Legend of Zelda: The Minish Cap,2005,1,The Legend of Zelda: The Minish Cap,Brocco is a character in The Minish Cap. ,TRUE,minimal_description,review,review,
Bucket Mouse,,,The Legend of Zelda: Link's Awakening,1993,1,The Legend of Zelda: Link's Awakening,Bucket Mouse is a character in Link's Awakening. ,TRUE,no_race; minimal_description,review,review,
Calisa,Gerudo,Female,The Legend of Zelda: Breath of the Wild,2017,1,The Legend of Zelda: Breath of the Wild,Calisa is a character in Breath of the Wild. ,TRUE,minimal_description,review,review,
Canni,Hylian,Female,The Legend of Zelda: Breath of the Wild,2017,1,The Legend of Zelda: Breath of the Wild,Canni is a character in Breath of the Wild. ,TRUE,minimal_description,review,review,
Caprice,,,The Legend of Zelda: The Minish Cap,2005,1,The Legend of Zelda: The Minish Cap,Caprice is a character in The Minish Cap. ,TRUE,no_race; minimal_description,review,review,
Cara,Gerudo,Female,The Legend of Zelda: Breath of the Wild,2017,1,The Legend of Zelda: Breath of the Wild,Cara is a character in Breath of the Wild. ,TRUE,minimal_description,review,review,
Celessa,Hylian,Female,The Legend of Zelda: Breath of the Wild,2017,1,The Legend of Zelda: Breath of the Wild,Celessa is a character in Breath of the Wild. ,TRUE,minimal_description,review,review,
Charlo,Hylian,Male,The Legend of Zelda: Twilight Princess,2006,1,The Legend of Zelda: Twilight Princess,Charlo is a character in Twilight Princess. ,TRUE,minimal_description,review,review,
Chef,,Male,Freshly-Picked Tingle's Rosy Rupeeland,2006,1,Freshly-Picked Tingle's Rosy Rupeeland,The Chef is a character in Freshly-Picked Tingle's Rosy Rupeeland. ,TRUE,no_race,review,review,
Chef Bear,Bear,Female,The Legend of Zelda: Link's Awakening,1993,1,The Legend of Zelda: Link's Awakening,Chef Bear is a character in Link's Awakening. ,TRUE,minimal_description,review,review,
Child,,,Zelda II: The Adventure of Link,1987,1,Zelda II: The Adventure of Link,The Child is a kid who gets kidnapped in The Adventure of Link. ,TRUE,no_race,review,review,
Chio,Korok,Male,The Legend of Zelda: Breath of the Wild,2017,1,The Legend of Zelda: Breath of the Wild,Chio is a character in Breath of the Wild. ,TRUE,minimal_description,review,review,
Chork,Hylian,Male,The Legend of Zelda: Breath of the Wild,2017,1,The Legend of Zelda: Breath of the Wild,Chork is a character in Breath of the Wild. ,TRUE,minimal_description,review,review,
Christine,,Female,The Legend of Zelda: Link's Awakening,1993,1,The Legend of Zelda: Link's Awakening,Christine is a character in Link's Awakening. ,TRUE,no_race; minimal_description,review,review,
Chuckles,Human,Male,Freshly-Picked Tingle's Rosy Rupeeland,2006,1,Freshly-Picked Tingle's Rosy Rupeeland,Chuckles is a character in Freshly-Picked Tingle's Rosy Rupeeland. ,FALSE,,review,review,
CiaoCiao,Chain Chomp,Female,The Legend of Zelda: Link's Awakening,1993,1,The Legend of Zelda: Link's Awakening,CiaoCiao is a character in Link's Awakening. ,TRUE,minimal_description,review,review,
Ciela,Fairy,Female,The Legend of Zelda: Phantom Hourglass,2007,1,The Legend of Zelda: Phantom Hourglass,Ciela is Link's Fairy companion in Phantom Hourglass. ,FALSE,,review,review,
Clavia,Hylian,Female,The Legend of Zelda: Breath of the Wild,2017,1,The Legend of Zelda: Breath of the Wild,Clavia is a character in Breath of the Wild. ,TRUE,minimal_description,review,review,
Cobble Knights,,,The Legend of Zelda: Phantom Hourglass,2007,1,The Legend of Zelda: Phantom Hourglass,The Cobble Knights are characters in Phantom Hourglass. ,TRUE,no_race,review,review,
Colin,Human,Male,The Legend of Zelda: Twilight Princess,2006,1,The Legend of Zelda: Twilight Princess,Colin is a character in Twilight Princess. ,TRUE,minimal_description,review,review,
Coro,Human,Male,The Legend of Zelda: Twilight Princess,2006,1,The Legend of Zelda: Twilight Princess,Coro is a character in Twilight Princess. ,TRUE,minimal_description,review,review,
Cree,Rito,,The Legend of Zelda: Breath of the Wild,2017,1,The Legend of Zelda: Breath of the Wild,Cree is a character in Breath of the Wild. ,TRUE,minimal_description,review,review,
Crenel Hermit,Hylian,Male,The Legend of Zelda: The Minish Cap,2005,1,The Legend of Zelda: The Minish Cap,The Crenel Hermit is a character in The Minish Cap.  ,FALSE,,review,review,
Crone,,Female,Link: The Faces of Evil,1993,1,Link: The Faces of Evil,The Crone is a character in The Faces of Evil. ,TRUE,no_race; minimal_description,review,review,
Cursed Fairy,Great Fairy,Female,The Legend of Zelda: A Link to the Past,1992,1,The Legend of Zelda: A Link to the Past,The Cursed Fairy is a character in A Link to the Past. ,FALSE,,review,review,
Dah Kaso,Sheikah,,The Legend of Zelda: Breath of the Wild,2017,1,The Legend of Zelda: Breath of the Wild,Dah Kaso is a character in Breath of the Wild. ,TRUE,minimal_description,review,review,
Daily Riches Owner,Human,Male,The Legend of Zelda: Tri Force Heroes,2015,1,The Legend of Zelda: Tri Force Heroes,The Daily Riches Owner is a character in Tri Force Heroes. ,FALSE,,review,review,
Dalia,Gerudo,Female,The Legend of Zelda: Breath of the Wild,2017,1,The Legend of Zelda: Breath of the Wild,Dalia is a character in Breath of the Wild. ,TRUE,minimal_description,review,review,
Dampa,,Male,The Legend of Zelda: The Wind Waker,2003,1,The Legend of Zelda: The Wind Waker,Dampa is a character in The Wind Waker. ,TRUE,no_race; minimal_description,review,review,
Dancing Couple,Hylians,Male & Female,The Legend of Zelda: Ocarina of Time,1998,1,The Legend of Zelda: Ocarina of Time,Dancing Couple are a pair characters in Ocarina of Time. ,FALSE,,review,review,
Danton,Hylian,Male,The Legend of Zelda: Breath of the Wild,2017,1,The Legend of Zelda: Breath of the Wild,Danton is a character in Breath of the Wild. ,TRUE,minimal_description,review,review,
Dantz,Hylian,,The Legend of Zelda: Breath of the Wild,2017,1,The Legend of Zelda: Breath of the Wild,Dantz is a character in Breath of the Wild. ,TRUE,minimal_description,review,review,
Daphnes Nohansen Hyrule,Hylian,Male,Hyrule Warriors,2014,1,Hyrule Warriors,"Daphnes Nohansen Hyrule, also known as King Daphnes, is a recurring character in The Legend of Zelda series. ",FALSE,,review,review,
Darbus,Goron,Male,The Legend of Zelda: Twilight Princess,2006,1,The Legend of Zelda: Twilight Princess,Darbus is a character in Twilight Princess. ,TRUE,minimal_description,review,review,
Dark World Shopkeeper,,,The Legend of Zelda: A Link to the Past,1992,1,The Legend of Zelda: A Link to the Past,Dark World Shopkeepers are characters in A Link to the Past. ,TRUE,no_race,review,review,
Darmani III,Goron,Male,The Legend of Zelda: Majora's Mask,2000,1,The Legend of Zelda: Majora's Mask,"Darmani III, also known as Darmani the Third, is a character in Majora's Mask. ",FALSE,,review,review,
Darton,Hylian,Male,The Legend of Zelda: Breath of the Wild,2017,1,The Legend of Zelda: Breath of the Wild,Darton is a character in Breath of the Wild. ,TRUE,minimal_description,review,review,
Daruk,Goron,Male,The Legend of Zelda: Breath of the Wild,2017,1,The Legend of Zelda: Breath of the Wild,Daruk is a character in Breath of the Wild. ,TRUE,minimal_description,review,review,
Dave,,Male,Freshly-Picked Tingle's Rosy Rupeeland,2006,1,Freshly-Picked Tingle's Rosy Rupeeland,Dave is a character that appears in Freshly-Picked Tingle's Rosy Rupeeland. ,TRUE,no_race,review,review,
Daz,Korok,,The Legend of Zelda: Breath of the Wild,2017,1,The Legend of Zelda: Breath of the Wild,Daz is a character in Breath of the Wild. ,TRUE,minimal_description,review,review,
Death Mountain Trail Gatekeeper,Hylian,Male,The Legend of Zelda: Ocarina of Time,1998,1,The Legend of Zelda: Ocarina of Time,The Death Mountain Trail Gatekeeper is the Soldier at the gate to the Death Mountain Trail in Ocarina of Time. ,FALSE,,review,review,
Deku Butler,Deku Scrub,Male,The Legend of Zelda: Majora's Mask,2000,1,The Legend of Zelda: Majora's Mask,The Deku Butler is a character in Majora's Mask. ,TRUE,minimal_description,review,review,
Deku King,Deku Scrub,Male,The Legend of Zelda: Majora's Mask,2000,1,The Legend of Zelda: Majora's Mask,The Deku King is a character in Majora's Mask. ,TRUE,minimal_description,review,review,
Deku Tree Sprout,Deku Tree,,The Legend of Zelda: Ocarina of Time,1998,1,The Legend of Zelda: Ocarina of Time,The Deku Tree Sprout is a recurring character in The Legend of Zelda series. ,FALSE,,review,review,
Deltan,Gerudo,Female,The Legend of Zelda: Breath of the Wild,2017,1,The Legend of Zelda: Breath of the Wild,Deltan is a character in Breath of the Wild. ,TRUE,minimal_description,review,review,
Derby Boy,Hylian,Male,The Legend of Zelda: A Link Between Worlds,2013,1,The Legend of Zelda: A Link Between Worlds,The Derby Boy is a character from A Link Between Worlds. ,FALSE,,review,review,
Derby Girl,Hylian,Female,The Legend of Zelda: A Link Between Worlds,2013,1,The Legend of Zelda: A Link Between Worlds,The Derby Girl is a character from A Link Between Worlds. ,FALSE,,review,review,
Devilish Girl,Demon,Female,The Legend of Zelda: A Link Between Worlds,2013,1,The Legend of Zelda: A Link Between Worlds,The Devilish Girl is a character in A Link Between Worlds. ,FALSE,,review,review,
Dillie,Hylian,Male,The Legend of Zelda: Breath of the Wild,2017,1,The Legend of Zelda: Breath of the Wild,Dillie is a character in Breath of the Wild. ,TRUE,minimal_description,review,review,
Dinraal,,,The Legend of Zelda: Breath of the Wild,2017,1,The Legend of Zelda: Breath of the Wild,Dinraal is a Dragon in Breath of the Wild. ,TRUE,no_race; minimal_description,review,review,
Dobo,Anouki,Unknown,The Legend of Zelda: Phantom Hourglass,2007,1,The Legend of Zelda: Phantom Hourglass,Dobo is a character from Phantom Hourglass. ,TRUE,minimal_description,review,review,
Doc Bandam,Hylian,Male,The Legend of Zelda: The Wind Waker,2003,1,The Legend of Zelda: The Wind Waker,Doc Bandam is a character in The Wind Waker. ,TRUE,minimal_description,review,review,
Domidak,Hylian,Male,The Legend of Zelda: Breath of the Wild,2017,1,The Legend of Zelda: Breath of the Wild,Domidak is a character in Breath of the Wild. ,TRUE,minimal_description,review,review,
Dorian,Sheikah,Male,The Legend of Zelda: Breath of the Wild,2017,1,The Legend of Zelda: Breath of the Wild,Dorian is a character in Breath of the Wild. ,TRUE,minimal_description,review,review,
Dorill,Goron,Male,The Legend of Zelda: Breath of the Wild,2017,1,The Legend of Zelda: Breath of the Wild,Dorill is a character in Breath of the Wild. ,TRUE,minimal_description,review,review,
Doudo,,Male,The Legend of Zelda: Phantom Hourglass,2007,1,The Legend of Zelda: Phantom Hourglass,Doudo is a character in Phantom Hourglass. ,TRUE,no_race; minimal_description,review,review,
Douma,Hylian,,The Legend of Zelda: Breath of the Wild,2017,1,The Legend of Zelda: Breath of the Wild,Douma is a character in Breath of the Wild. ,TRUE,minimal_description,review,review,
Doylan,Cobble,Male,The Legend of Zelda: Phantom Hourglass,2007,1,The Legend of Zelda: Phantom Hourglass,Doylan is a character in Phantom Hourglass. ,TRUE,minimal_description,review,review,
Drak,Goron,Male,The Legend of Zelda: Breath of the Wild,2017,1,The Legend of Zelda: Breath of the Wild,Drak is a character in Breath of the Wild. ,TRUE,minimal_description,review,review,
Droolik,,Male,Link: The Faces of Evil,1993,1,Link: The Faces of Evil,Droolik is a character in The Faces of Evil.  ,TRUE,no_race; minimal_description,review,review,
Dugby,Goron,Male,The Legend of Zelda: Breath of the Wild,2017,1,The Legend of Zelda: Breath of the Wild,Dugby is a character in Breath of the Wild. ,TRUE,minimal_description,review,review,
Duke Onkled,Hylian,Male,Zelda: The Wand of Gamelon,1993,1,Zelda: The Wand of Gamelon,Duke Onkled  is a character in The Wand of Gamelon. ,FALSE,,review,review,
Duko,,Female,Freshly-Picked Tingle's Rosy Rupeeland,2006,1,Freshly-Picked Tingle's Rosy Rupeeland,Duko is a character in Freshly-Picked Tingle's Rosy Rupeeland. ,TRUE,no_race,review,review,
Dungeon Bro,Hylian,Male,The Legend of Zelda: A Link Between Worlds,2013,1,The Legend of Zelda: A Link Between Worlds,The Dungeon Bros. are a pair of characters in A Link Between Worlds. ,FALSE,,review,review,
Dunma,Zora,Female,The Legend of Zelda: Breath of the Wild,2017,1,The Legend of Zelda: Breath of the Wild,Dunma is a character in Breath of the Wild. ,TRUE,minimal_description,review,review,
Eenie,Hylian,,The Legend of Zelda: The Minish Cap,2005,1,The Legend of Zelda: The Minish Cap,Eenie is a character in The Minish Cap. ,TRUE,minimal_description,review,review,
Eighth Heroine,,Female,The Legend of Zelda: Breath of the Wild,2017,1,The Legend of Zelda: Breath of the Wild,The Eighth Heroine is a character in Breath of the Wild. ,TRUE,no_race,review,review,
Elma,Korok,Male,The Legend of Zelda: The Wind Waker,2003,1,The Legend of Zelda: The Wind Waker,Elma is a character in The Wind Waker. ,TRUE,minimal_description,review,review,
Elsie,Cow,Female,The Legend of Zelda: The Minish Cap,2005,1,The Legend of Zelda: The Minish Cap,Elsie is a character in The Minish Cap. ,TRUE,minimal_description,review,review,
Ember,,,The Legend of Zelda: Breath of the Wild,2017,1,The Legend of Zelda: Breath of the Wild,Ember is a character in Breath of the Wild. ,TRUE,no_race; minimal_description,review,review,
Embry,Hylian,,The Legend of Zelda: Breath of the Wild,2017,1,The Legend of Zelda: Breath of the Wild,Embry is a character in Breath of the Wild. ,TRUE,minimal_description,review,review,
Emri,Gerudo,Female,The Legend of Zelda: Breath of the Wild,2017,1,The Legend of Zelda: Breath of the Wild,Emri is a character in Breath of the Wild. ,TRUE,minimal_description,review,review,
Eryck,Hylian,Male,The Legend of Zelda: Breath of the Wild,2017,1,The Legend of Zelda: Breath of the Wild,Eryck is a character in Breath of the Wild. ,TRUE,minimal_description,review,review,
Estan,Gerudo,Female,The Legend of Zelda: Breath of the Wild,2017,1,The Legend of Zelda: Breath of the Wild,Estan is a character in Breath of the Wild. ,TRUE,minimal_description,review,review,
Evan,Zora,Male,The Legend of Zelda: Majora's Mask,2000,1,The Legend of Zelda: Majora's Mask,Evan is a character in Majora's Mask. ,TRUE,minimal_description,review,review,
Falmark,Hylian,Male,The Legend of Zelda: Breath of the Wild,2017,1,The Legend of Zelda: Breath of the Wild,Falmark is a character in Breath of the Wild. ,TRUE,minimal_description,review,review,
Fifi,,Male,The Legend of Zelda: The Minish Cap,2005,1,The Legend of Zelda: The Minish Cap,Fifi is a character in The Minish Cap. He is Stockwell's pet Canine. ,TRUE,no_race,review,review,
Flash,,,The Legend of Zelda: Oracle of Seasons,2001,1,The Legend of Zelda: Oracle of Seasons,Flash is a character in Oracle of Seasons. ,TRUE,no_race; minimal_description,review,review,
Flavi,Gerudo,,The Legend of Zelda: Breath of the Wild,2017,1,The Legend of Zelda: Breath of the Wild,Flavi is a character in Breath of the Wild. ,TRUE,minimal_description,review,review,
Flaxel,Hylian,Female,The Legend of Zelda: Breath of the Wild,2017,1,The Legend of Zelda: Breath of the Wild,Flaxel is a character in Breath of the Wild. ,TRUE,minimal_description,review,review,
Flurris,,,The Legend of Zelda: The Minish Cap,2005,1,The Legend of Zelda: The Minish Cap,Flurris is a character in The Minish Cap. ,TRUE,no_race; minimal_description,review,review,
Flying Cucco,Cucco,,The Legend of Zelda: Oracle of Seasons,2001,1,The Legend of Zelda: Oracle of Seasons,Flying Cucco is a character in Oracle of Seasons. ,FALSE,,review,review,
Flying Rooster,,Male,The Legend of Zelda: Link's Awakening,1993,1,The Legend of Zelda: Link's Awakening,The Flying Rooster is a character in Link's Awakening. ,TRUE,no_race,review,review,
Fortune Goddess,Great Fairy,,The Legend of Zelda: The Wind Waker,2003,1,The Legend of Zelda: The Wind Waker,The Fortune Goddess is a character in The Wind Waker. ,FALSE,,review,review,
Four Elders,,,The Legend of Zelda: Twilight Princess,2006,1,The Legend of Zelda: Twilight Princess,The Four Elders are a group of Gorons in Twilight Princess. They help lead the Goron Tribe. ,TRUE,no_race,review,review,
Frelly,Gerudo,Female,The Legend of Zelda: Breath of the Wild,2017,1,The Legend of Zelda: Breath of the Wild,Frelly is a character in Breath of the Wild. ,TRUE,minimal_description,review,review,
Frita,Rito,Female,The Legend of Zelda: Breath of the Wild,2017,1,The Legend of Zelda: Breath of the Wild,Frita is a character in Breath of the Wild. ,TRUE,minimal_description,review,review,
Fronk,Zora,Male,The Legend of Zelda: Breath of the Wild,2017,1,The Legend of Zelda: Breath of the Wild,Fronk is a character in Breath of the Wild. ,TRUE,minimal_description,review,review,
Fuchiko,,Female,The Legend of Zelda: Phantom Hourglass,2007,1,The Legend of Zelda: Phantom Hourglass,Fuchiko is a character in Phantom Hourglass. ,TRUE,no_race; minimal_description,review,review,
Fuku,Hylian,,The Legend of Zelda: Spirit Tracks,2009,1,The Legend of Zelda: Spirit Tracks,Fuku is a character in Spirit Tracks. ,TRUE,minimal_description,review,review,
Fuzo,Human,Male,The Legend of Zelda: Phantom Hourglass,2007,1,The Legend of Zelda: Phantom Hourglass,Fuzo is a character in Phantom Hourglass. ,TRUE,minimal_description,review,review,
Fyson,Rito,Male,The Legend of Zelda: Breath of the Wild,2017,1,The Legend of Zelda: Breath of the Wild,Fyson is a character in Breath of the Wild. ,TRUE,minimal_description,review,review,
Gabora,,Male,The Legend of Zelda: Majora's Mask,2000,1,The Legend of Zelda: Majora's Mask,Gabora is a character in Majora's Mask. ,TRUE,no_race; minimal_description,review,review,
Gaddison,Zora,,The Legend of Zelda: Breath of the Wild,2017,1,The Legend of Zelda: Breath of the Wild,Gaddison is a character in Breath of the Wild. ,TRUE,minimal_description,review,review,
Gaile,Hylian,,The Legend of Zelda: Breath of the Wild,2017,1,The Legend of Zelda: Breath of the Wild,Gaile is a character in Breath of the Wild. ,TRUE,minimal_description,review,review,
Gale,,Female,The Legend of Zelda: The Minish Cap,2005,1,The Legend of Zelda: The Minish Cap,Gale is a character in The Minish Cap. ,TRUE,no_race; minimal_description,review,review,
Galli,Hylian,,The Legend of Zelda: Breath of the Wild,2017,1,The Legend of Zelda: Breath of the Wild,Galli is a character in Breath of the Wild. ,TRUE,minimal_description,review,review,
Garill,Hylian,Male,The Legend of Zelda: Breath of the Wild,2017,1,The Legend of Zelda: Breath of the Wild,Garill is a character in Breath of the Wild. ,TRUE,minimal_description,review,review,
Garini,Hylian,Male,The Legend of Zelda: Breath of the Wild,2017,1,The Legend of Zelda: Breath of the Wild,Garini is a character in Breath of the Wild. ,TRUE,minimal_description,review,review,
Garrickson,,Male,The Legend of Zelda: The Wind Waker,2003,1,The Legend of Zelda: The Wind Waker,Garrickson is a character in The Wind Waker. ,TRUE,no_race; minimal_description,review,review,
Garshon,Hylian,,The Legend of Zelda: Breath of the Wild,2017,1,The Legend of Zelda: Breath of the Wild,Garshon is a character in Breath of the Wild. ,TRUE,minimal_description,review,review,
Gartan,Hylian,Male,The Legend of Zelda: Breath of the Wild,2017,1,The Legend of Zelda: Breath of the Wild,Gartan is a character in Breath of the Wild. ,TRUE,minimal_description,review,review,
Gazpacho,Human,Male,The Legend of Zelda: Phantom Hourglass,2007,1,The Legend of Zelda: Phantom Hourglass,Gazpacho is a character in Phantom Hourglass. ,TRUE,minimal_description,review,review,
Genli,Rito,,The Legend of Zelda: Breath of the Wild,2017,1,The Legend of Zelda: Breath of the Wild,Genli is a character in Breath of the Wild. ,TRUE,minimal_description,review,review,
Gentari,Minish,Male,The Legend of Zelda: The Minish Cap,2005,1,The Legend of Zelda: The Minish Cap,Gentari is a character in The Minish Cap. ,TRUE,minimal_description,review,review,
Georgio,Hylian,Male,The Legend of Zelda: Spirit Tracks,2009,1,The Legend of Zelda: Spirit Tracks,Georgio is a character in Spirit Tracks. ,TRUE,minimal_description,review,review,
Gepper,Hylian,Male,The Legend of Zelda: The Minish Cap,2005,1,The Legend of Zelda: The Minish Cap,Gepper is a character in The Minish Cap. ,TRUE,minimal_description,review,review,
Giant,,,The Legend of Zelda: Twilight Princess,2006,1,The Legend of Zelda: Twilight Princess,Giant are characters in Twilight Princess. ,TRUE,no_race; minimal_description,review,review,
Giant Turtle,Turtle,Neuter,The Legend of Zelda: Majora's Mask,2000,1,The Legend of Zelda: Majora's Mask,The Giant Turtle is a character in Majora's Mask. ,FALSE,,review,review,
Gillian,Hylian,Female,The Legend of Zelda: The Wind Waker,2003,1,The Legend of Zelda: The Wind Waker,Gillian is a woman who lives on Windfall Island in The Wind Waker. ,FALSE,,review,review,
Gina,Ghini,Female,The Legend of Zelda: The Minish Cap,2005,1,The Legend of Zelda: The Minish Cap,Gina is a character in The Minish Cap. ,TRUE,minimal_description,review,review,
Gleema,Hylian,Female,The Legend of Zelda: Breath of the Wild,2017,1,The Legend of Zelda: Breath of the Wild,Gleema is a character in Breath of the Wild. ,TRUE,minimal_description,review,review,
Glendo,Hylian,,The Legend of Zelda: Breath of the Wild,2017,1,The Legend of Zelda: Breath of the Wild,Glendo is a character in Breath of the Wild. ,TRUE,minimal_description,review,review,
Glutko,,,Link: The Faces of Evil,1993,1,Link: The Faces of Evil,Glutko  is a location in The Faces of Evil. It is unlocked after completing Militron. ,TRUE,no_race,review,review,
Goflam,,,The Legend of Zelda: Breath of the Wild,2017,1,The Legend of Zelda: Breath of the Wild,Goflam is a character in Breath of the Wild. ,TRUE,no_race; minimal_description,review,review,
Golden Chief Cylos,Golden Frog,Male,The Legend of Zelda: Phantom Hourglass,2007,1,The Legend of Zelda: Phantom Hourglass,Golden Chief Cylos is a character in Phantom Hourglass. ,FALSE,,review,review,
Goma Asaagh,Sheikah,,The Legend of Zelda: Breath of the Wild,2017,1,The Legend of Zelda: Breath of the Wild,Goma Asaagh is a character in Breath of the Wild. ,FALSE,,review,review,
Gonguron,Goron,Male,The Legend of Zelda: Breath of the Wild,2017,1,The Legend of Zelda: Breath of the Wild,Gonguron is a character in Breath of the Wild. ,TRUE,minimal_description,review,review,
Gor Ebizo,Goron,Male,The Legend of Zelda: Twilight Princess,2006,1,The Legend of Zelda: Twilight Princess,Gor Ebizo is a character in Twilight Princess. ,TRUE,minimal_description,review,review,
Gorae Torr,Sheikah,,The Legend of Zelda: Breath of the Wild,2017,1,The Legend of Zelda: Breath of the Wild,Gorae Torr is a character in Breath of the Wild. ,TRUE,minimal_description,review,review,
Goron Blood Brothers,,,The Legend of Zelda: Breath of the Wild,2017,1,The Legend of Zelda: Breath of the Wild,The Goron Blood Brothers are a trio of Goron siblings in Breath of the Wild. ,TRUE,no_race,review,review,
Goron Digger,Goron,,The Legend of Zelda: The Minish Cap,2005,1,The Legend of Zelda: The Minish Cap,The Goron Diggers are characters in The Minish Cap. ,FALSE,,review,review,
Goron Merchant,Goron,Male,The Legend of Zelda: The Minish Cap,2005,1,The Legend of Zelda: The Minish Cap,Goron Merchant are recurring characters in The Legend of Zelda series. ,FALSE,,review,review,
Gotter,Hylian,Male,The Legend of Zelda: Breath of the Wild,2017,1,The Legend of Zelda: Breath of the Wild,Gotter is a character in Breath of the Wild. ,TRUE,minimal_description,review,review,
Grandma,Hylian,Female,The Legend of Zelda: The Wind Waker,2003,1,The Legend of Zelda: The Wind Waker,"Grandma, also known as Link's Grandma, is a character in The Wind Waker. ",FALSE,,review,review,
Grandma Yahoo,Human,Female,The Legend of Zelda: Link's Awakening,1993,1,The Legend of Zelda: Link's Awakening,"Grandma Yahoo, also known as Grandma Ulrira, is a character in Link's Awakening. ",FALSE,,review,review,
Grapp,Goron,Male,The Legend of Zelda: Breath of the Wild,2017,1,The Legend of Zelda: Breath of the Wild,Grapp is a character in Breath of the Wild. ,TRUE,minimal_description,review,review,
Graveyard Boy,Hylian,Male,The Legend of Zelda: Ocarina of Time,1998,1,The Legend of Zelda: Ocarina of Time,The Graveyard Boy is a character in Ocarina of Time. ,FALSE,,review,review,
Great Bay Giant,Guardian Deity,,The Legend of Zelda: Majora's Mask,2000,1,The Legend of Zelda: Majora's Mask,Great Bay Giant is a character in Majora's Mask. ,TRUE,minimal_description,review,review,
Great Butterfly Fairy,Fairy,Female,The Legend of Zelda: The Minish Cap,2005,1,The Legend of Zelda: The Minish Cap,The Great Butterfly Fairy is a character in The Minish Cap. ,FALSE,,review,review,
Great Dragonfly Fairy,Fairy,Female,The Legend of Zelda: The Minish Cap,2005,1,The Legend of Zelda: The Minish Cap,The Great Dragonfly Fairy is a character in The Minish Cap. ,FALSE,,review,review,
Great Fairy of Kindness,Great Fairy,Female,The Legend of Zelda: Majora's Mask,2000,1,The Legend of Zelda: Majora's Mask,The Great Fairy of Kindness is a character in Majora's Mask. ,FALSE,,review,review,
Great Mayfly Fairy,Fairy,Female,The Legend of Zelda: The Minish Cap,2005,1,The Legend of Zelda: The Minish Cap,The Great Mayfly Fairy is a character in The Minish Cap. ,FALSE,,review,review,
Great Rupee Fairy,Great Fairy,,The Legend of Zelda: A Link Between Worlds,2013,1,The Legend of Zelda: A Link Between Worlds,Great Rupee Fairy is a character in A Link Between Worlds. ,FALSE,,review,review,
Gregal,Wind Tribe,Male,The Legend of Zelda: The Minish Cap,2005,1,The Legend of Zelda: The Minish Cap,Gregal is a character in The Minish Cap. ,TRUE,minimal_description,review,review,
Greta,Gerudo,Female,The Legend of Zelda: Breath of the Wild,2017,1,The Legend of Zelda: Breath of the Wild,Greta is a character in Breath of the Wild. ,TRUE,minimal_description,review,review,
Greyson,Goron,Male,The Legend of Zelda: Breath of the Wild,2017,1,The Legend of Zelda: Breath of the Wild,Greyson is a character in Breath of the Wild. ,TRUE,minimal_description,review,review,
Grimbo,,Male,Zelda: The Wand of Gamelon,1993,1,Zelda: The Wand of Gamelon,Grimbo is a character in The Wand of Gamelon. He is a man who lives in Washubi Swamp. ,TRUE,no_race,review,review,
Grog,Hylian,Male,The Legend of Zelda: Majora's Mask,2000,1,The Legend of Zelda: Majora's Mask,Grog is a character in Majora's Mask. ,TRUE,minimal_description,review,review,
Growler,,,The Legend of Zelda: The Minish Cap,2005,1,The Legend of Zelda: The Minish Cap,Growler is a character in The Minish Cap. ,TRUE,no_race; minimal_description,review,review,
Gruve,Zora,Male,The Legend of Zelda: Breath of the Wild,2017,1,The Legend of Zelda: Breath of the Wild,Gruve is a character in Breath of the Wild. ,TRUE,minimal_description,review,review,
Gummy,,Male,The Legend of Zelda: The Wind Waker,2003,1,The Legend of Zelda: The Wind Waker,Gummy is a character in The Wind Waker. ,TRUE,no_race; minimal_description,review,review,
Gumo,Anouki,Unknown,The Legend of Zelda: Phantom Hourglass,2007,1,The Legend of Zelda: Phantom Hourglass,Gumo is a character in Phantom Hourglass. ,TRUE,minimal_description,review,review,
Gustaf,Hylian,Male,The Legend of Zelda: The Minish Cap,2005,1,The Legend of Zelda: The Minish Cap,Gustaf is a character featured in The Minish Cap. ,FALSE,,review,review,
Guy,Rito,Male,The Legend of Zelda: Breath of the Wild,2017,1,The Legend of Zelda: Breath of the Wild,Guy is a character in Breath of the Wild. ,TRUE,minimal_description,review,review,
Gwonam,,Male,Link: The Faces of Evil,1993,1,Link: The Faces of Evil,Gwonam is a character in The Faces of Evil. ,TRUE,no_race; minimal_description,review,review,
Hailey,Wind Tribe,Female,The Legend of Zelda: The Minish Cap,2005,1,The Legend of Zelda: The Minish Cap,Hailey is a character in The Minish Cap. ,TRUE,minimal_description,review,review,
Haite,Hylian,Female,The Legend of Zelda: Breath of the Wild,2017,1,The Legend of Zelda: Breath of the Wild,Haite is a character in Breath of the Wild. ,TRUE,minimal_description,review,review,
Hamsha,,Female,Link: The Faces of Evil,1993,1,Link: The Faces of Evil,Hamsha is a character in The Faces of Evil. ,TRUE,no_race; minimal_description,review,review,
Hand,,,The Legend of Zelda: Oracle of Ages,2001,1,The Legend of Zelda: Oracle of Ages,The Hand is a character in Oracle of Ages. ,TRUE,no_race; minimal_description,review,review,
Harbanno,,Male,Zelda: The Wand of Gamelon,1993,1,Zelda: The Wand of Gamelon,"Harbanno is a character in The Wand of Gamelon. He is a baker from the town of Sakado, Gamelon.  ",TRUE,no_race,review,review,
Harth,Rito,Male,The Legend of Zelda: Breath of the Wild,2017,1,The Legend of Zelda: Breath of the Wild,Harth is a character in Breath of the Wild. ,TRUE,minimal_description,review,review,
Heehl,Goron,Male,The Legend of Zelda: Breath of the Wild,2017,1,The Legend of Zelda: Breath of the Wild,Heehl is a character in Breath of the Wild. ,TRUE,minimal_description,review,review,
Hena,Human,Female,The Legend of Zelda: Twilight Princess,2006,1,The Legend of Zelda: Twilight Princess,Hena is a character in Twilight Princess. ,TRUE,minimal_description,review,review,
Henhouse Keeper,Human,Male,The Legend of Zelda: Link's Awakening,1993,1,The Legend of Zelda: Link's Awakening,"The Henhouse Keeper, also known as the Cucco Keeper, is a character in Link's Awakening. ",FALSE,,review,review,
Herb,Hylian,Male,The Legend of Zelda: The Minish Cap,2005,1,The Legend of Zelda: The Minish Cap,Herb is a character in The Minish Cap. ,TRUE,minimal_description,review,review,
Hero of Light,Human,,The Legend of Zelda: Four Swords Adventures,2004,1,The Legend of Zelda: Four Swords Adventures,The Hero of Light is a recurring title in The Legend of Zelda series. ,FALSE,,review,review,
Hestu,Korok,Male,The Legend of Zelda: Breath of the Wild,2017,1,The Legend of Zelda: Breath of the Wild,Hestu is a character in Breath of the Wild. ,TRUE,minimal_description,review,review,
Hia Miu,Sheikah,,The Legend of Zelda: Breath of the Wild,2017,1,The Legend of Zelda: Breath of the Wild,Hia Miu is a character in Breath of the Wild. ,TRUE,minimal_description,review,review,
Hintobo,Anouki,,The Legend of Zelda: Phantom Hourglass,2007,1,The Legend of Zelda: Phantom Hourglass,Hintobo is a character in Phantom Hourglass. ,TRUE,minimal_description,review,review,
Hippo Model,Hippo,Female,The Legend of Zelda: Link's Awakening,1993,1,The Legend of Zelda: Link's Awakening,The Hippo Model is a character in Link's Awakening. ,FALSE,,review,review,
Ho Ho Tribe,,,The Legend of Zelda: Phantom Hourglass,2007,1,The Legend of Zelda: Phantom Hourglass,The Ho Ho Tribe are a group of seven treasure-seekers appearing in Phantom Hourglass. ,TRUE,no_race,review,review,
Hoiger Howgendoogen,,Male,The Legend of Zelda: Phantom Hourglass,2007,1,The Legend of Zelda: Phantom Hourglass,Hoiger Howgendoogen is a character in Phantom Hourglass. ,TRUE,no_race,review,review,
Hollo,Korok,Male,The Legend of Zelda: The Wind Waker,2003,1,The Legend of Zelda: The Wind Waker,Hollo is a character in The Wind Waker. ,TRUE,minimal_description,review,review,
Hooded Shopkeeper,,Female,The Legend of Zelda: A Link to the Past,1992,1,The Legend of Zelda: A Link to the Past,Hooded Shopkeepers are recurring characters in The Legend of Zelda series. ,TRUE,no_race,review,review,
Horned Statue,,Male,The Legend of Zelda: Breath of the Wild,2017,1,The Legend of Zelda: Breath of the Wild,The Horned Statue is a character in Breath of the Wild. ,TRUE,no_race,review,review,
Hoskit,Rito,Male,The Legend of Zelda: The Wind Waker,2003,1,The Legend of Zelda: The Wind Waker,Hoskit is a character in The Wind Waker. ,TRUE,minimal_description,review,review,
Hot Rodder Goron,Goron,,The Legend of Zelda: Ocarina of Time,1998,1,The Legend of Zelda: Ocarina of Time,"Hot Rodder Goron is a large, continuously rolling member of the Goron race in Ocarina of Time. ",FALSE,,review,review,
Hoz,Hylian,Male,The Legend of Zelda: Breath of the Wild,2017,1,The Legend of Zelda: Breath of the Wild,Hoz is a character in Breath of the Wild. ,TRUE,minimal_description,review,review,
Hudson,Hylian,Male,The Legend of Zelda: Breath of the Wild,2017,1,The Legend of Zelda: Breath of the Wild,Hudson is a character in Breath of the Wild. ,TRUE,minimal_description,review,review,
Hungry Girl,,Female,Zelda: The Wand of Gamelon,1993,1,Zelda: The Wand of Gamelon,"The Hungry Girl is a character in The Wand of Gamelon. She is a young woman living in Kobitan, Gamelon. ",TRUE,no_race,review,review,
Ichiro,,,The Legend of Zelda: Ocarina of Time,1998,1,The Legend of Zelda: Ocarina of Time,Ichiro is a character in Ocarina of Time. ,TRUE,no_race; minimal_description,review,review,
Ilari,Rito,Male,The Legend of Zelda: The Wind Waker,2003,1,The Legend of Zelda: The Wind Waker,Ilari is a character in The Wind Waker. ,TRUE,minimal_description,review,review,
Ilia,Human,Female,The Legend of Zelda: Twilight Princess,2006,1,The Legend of Zelda: Twilight Princess,Ilia is a character in Twilight Princess. ,TRUE,minimal_description,review,review,
Impaz,Sheikah,Female,The Legend of Zelda: Twilight Princess,2006,1,The Legend of Zelda: Twilight Princess,Impaz is a character in Twilight Princess. ,TRUE,minimal_description,review,review,
Inga,Human,Female,The Legend of Zelda: Oracle of Seasons,2001,1,The Legend of Zelda: Oracle of Seasons,"Inga, also known as Mrs. Ruul, is a character in Oracle of Seasons. ",FALSE,,review,review,
Innkeeper,Hylian,Male,The Legend of Zelda: A Link to the Past,1992,1,The Legend of Zelda: A Link to the Past,The Innkeeper is a character in A Link to the Past. ,FALSE,,review,review,
Isha,Gerudo,Female,The Legend of Zelda: Breath of the Wild,2017,1,The Legend of Zelda: Breath of the Wild,Isha is a character in Breath of the Wild. ,TRUE,minimal_description,review,review,
Island Chief,Anouki,Male,The Legend of Zelda: Phantom Hourglass,2007,1,The Legend of Zelda: Phantom Hourglass,The Island Chief is a character in Phantom Hourglass. ,FALSE,,review,review,
Ivan,Hylian,,The Legend of Zelda: The Wind Waker,2003,1,The Legend of Zelda: The Wind Waker,Ivan is a character in The Wind Waker. ,TRUE,minimal_description,review,review,
Ivee,Hylian,Female,The Legend of Zelda: Breath of the Wild,2017,1,The Legend of Zelda: Breath of the Wild,Ivee is a character in Breath of the Wild. ,TRUE,minimal_description,review,review,
Iza,Human,Female,The Legend of Zelda: Twilight Princess,2006,1,The Legend of Zelda: Twilight Princess,Iza is a character in Twilight Princess. ,TRUE,minimal_description,review,review,
Izra,Hylian,,The Legend of Zelda: Breath of the Wild,2017,1,The Legend of Zelda: Breath of the Wild,Izra is a character in Breath of the Wild. ,TRUE,minimal_description,review,review,
Jan,Hylian,,The Legend of Zelda: The Wind Waker,2003,1,The Legend of Zelda: The Wind Waker,Jan is a character in The Wind Waker. ,TRUE,minimal_description,review,review,
Jana,Hylian,Female,The Legend of Zelda: Breath of the Wild,2017,1,The Legend of Zelda: Breath of the Wild,Jana is a character in Breath of the Wild. ,TRUE,minimal_description,review,review,
Japas,Zora,Male,The Legend of Zelda: Majora's Mask,2000,1,The Legend of Zelda: Majora's Mask,Japas is a character in Majora's Mask. ,TRUE,minimal_description,review,review,
Jasmine,Hylian,Female,The Legend of Zelda: The Minish Cap,2005,1,The Legend of Zelda: The Minish Cap,Jasmine is a character in The Minish Cap. ,TRUE,minimal_description,review,review,
Jerrin,Hylian,Female,The Legend of Zelda: Breath of the Wild,2017,1,The Legend of Zelda: Breath of the Wild,Jerrin is a character in Breath of the Wild. ,TRUE,minimal_description,review,review,
Jeweller,Human,Male,Freshly-Picked Tingle's Rosy Rupeeland,2006,1,Freshly-Picked Tingle's Rosy Rupeeland,The Jeweler is a characters in Freshly-Picked Tingle's Rosy Rupeeland. ,FALSE,,review,review,
Jiahto,Zora,,The Legend of Zelda: Breath of the Wild,2017,1,The Legend of Zelda: Breath of the Wild,Jiahto is a character in Breath of the Wild. ,TRUE,minimal_description,review,review,
Jini,Hylian,,The Legend of Zelda: Breath of the Wild,2017,1,The Legend of Zelda: Breath of the Wild,Jini is a character in Breath of the Wild. ,TRUE,minimal_description,review,review,
Joanna,Hylian,Female,The Legend of Zelda: The Wind Waker,2003,1,The Legend of Zelda: The Wind Waker,Joanna is a character in The Wind Waker. ,TRUE,minimal_description,review,review,
Joanne,,Female,The Legend of Zelda: Phantom Hourglass,2007,1,The Legend of Zelda: Phantom Hourglass,Joanne is a character in Phantom Hourglass. ,TRUE,no_race; minimal_description,review,review,
Joe,Hylian,Male,The Legend of Zelda: Spirit Tracks,2009,1,The Legend of Zelda: Spirit Tracks,Joe is a character in Spirit Tracks. ,TRUE,minimal_description,review,review,
Jogo,Hylian,Male,The Legend of Zelda: Breath of the Wild,2017,1,The Legend of Zelda: Breath of the Wild,Jogo is a character in Breath of the Wild. ,TRUE,minimal_description,review,review,
Jolene,Hylian,Female,The Legend of Zelda: Phantom Hourglass,2007,1,The Legend of Zelda: Phantom Hourglass,Jolene is a character in Phantom Hourglass. ,TRUE,minimal_description,review,review,
Jora,Hylian,Male,The Legend of Zelda: Breath of the Wild,2017,1,The Legend of Zelda: Breath of the Wild,Jora is a character in Breath of the Wild. ,TRUE,minimal_description,review,review,
Jotari,Minish,,The Legend of Zelda: The Minish Cap,2005,1,The Legend of Zelda: The Minish Cap,Jotari is a character in The Minish Cap. ,TRUE,minimal_description,review,review,
Journalist,Human,,Freshly-Picked Tingle's Rosy Rupeeland,2006,1,Freshly-Picked Tingle's Rosy Rupeeland,The Journalist is a character in Freshly-Picked Tingle's Rosy Rupeeland. ,FALSE,,review,review,
Joute,Hylian,Male,The Legend of Zelda: Breath of the Wild,2017,1,The Legend of Zelda: Breath of the Wild,Joute is a character in Breath of the Wild. He is a Horse enthusiast. ,FALSE,,review,review,
Jovani,Hylian,Male,The Legend of Zelda: Twilight Princess,2006,1,The Legend of Zelda: Twilight Princess,Jovani is a character in Twilight Princess. ,TRUE,minimal_description,review,review,
Joynas,Hylian,Female,The Legend of Zelda: Spirit Tracks,2009,1,The Legend of Zelda: Spirit Tracks,Joynas is a character in Spirit Tracks. ,TRUE,minimal_description,review,review,
Juannelle,Hylian,,The Legend of Zelda: Breath of the Wild,2017,1,The Legend of Zelda: Breath of the Wild,Juannelle is a character in Breath of the Wild. ,TRUE,minimal_description,review,review,
Judo,Hylian,Female,The Legend of Zelda: Majora's Mask,2000,1,The Legend of Zelda: Majora's Mask,Judo is a character in Majora's Mask. ,TRUE,minimal_description,review,review,
Jules,Hylian,Female,The Legend of Zelda: Breath of the Wild,2017,1,The Legend of Zelda: Breath of the Wild,Jules is a character in Breath of the Wild. ,TRUE,minimal_description,review,review,
Julietta,Hylian,Female,The Legend of Zelda: The Minish Cap,2005,1,The Legend of Zelda: The Minish Cap,Julietta is a character in The Minish Cap. ,TRUE,minimal_description,review,review,
June,Hylian,Female,The Legend of Zelda: The Minish Cap,2005,1,The Legend of Zelda: The Minish Cap,June is a character in The Minish Cap. ,TRUE,minimal_description,review,review,
Juney,Hylian,Female,The Legend of Zelda: Breath of the Wild,2017,1,The Legend of Zelda: Breath of the Wild,Juney is a character in Breath of the Wild. ,TRUE,minimal_description,review,review,
Kabetta,Goron,Male,The Legend of Zelda: Breath of the Wild,2017,1,The Legend of Zelda: Breath of the Wild,Kabetta is a character in Breath of the Wild. ,TRUE,minimal_description,review,review,
Kachoo,Gerudo,Female,The Legend of Zelda: Breath of the Wild,2017,1,The Legend of Zelda: Breath of the Wild,Kachoo is a character in Breath of the Wild. ,TRUE,minimal_description,review,review,
Kagoron,Goron,Male,The Legend of Zelda: Spirit Tracks,2009,1,The Legend of Zelda: Spirit Tracks,Kagoron is a Goron that appears in Spirit Tracks. ,FALSE,,review,review,
Kah Mael,Sheikah,,The Legend of Zelda: Breath of the Wild,2017,1,The Legend of Zelda: Breath of the Wild,Kah Mael is a character in Breath of the Wild. ,TRUE,minimal_description,review,review,
Kaifa,Hylian,Female,The Legend of Zelda: Breath of the Wild,2017,1,The Legend of Zelda: Breath of the Wild,Kaifa is a character in Breath of the Wild. ,TRUE,minimal_description,review,review,
Kalani,Gerudo,Female,The Legend of Zelda: Breath of the Wild,2017,1,The Legend of Zelda: Breath of the Wild,Kalani is a character in Breath of the Wild. ,TRUE,minimal_description,review,review,
Kamia Omuna,Sheikah,,The Legend of Zelda: Breath of the Wild,2017,1,The Legend of Zelda: Breath of the Wild,Kamia Omuna is a character in Breath of the Wild. They appear exclusively in The Champions' Ballad DLC Pack. ,FALSE,,review,review,
Kamo,,Male,The Legend of Zelda: The Wind Waker,2003,1,The Legend of Zelda: The Wind Waker,Kamo is a character in The Wind Waker. ,TRUE,no_race; minimal_description,review,review,
Kampo,Hylian,,The Legend of Zelda: Breath of the Wild,2017,1,The Legend of Zelda: Breath of the Wild,Kampo is a character in Breath of the Wild. ,TRUE,minimal_description,review,review,
Kaneli,Rito,Male,The Legend of Zelda: Breath of the Wild,2017,1,The Legend of Zelda: Breath of the Wild,Kaneli is a character in Breath of the Wild. ,TRUE,minimal_description,review,review,
Kanny,,,The Legend of Zelda: Breath of the Wild,2017,1,The Legend of Zelda: Breath of the Wild,Kanny is a character in Breath of the Wild. ,TRUE,no_race; minimal_description,review,review,
Kapson,Zora,Male,The Legend of Zelda: Breath of the Wild,2017,1,The Legend of Zelda: Breath of the Wild,Kapson is a character in Breath of the Wild. ,TRUE,minimal_description,review,review,
Karin,Hylian,,The Legend of Zelda: Breath of the Wild,2017,1,The Legend of Zelda: Breath of the Wild,Karin is a character in Breath of the Wild. ,TRUE,minimal_description,review,review,
Karson,Hylian,Male,The Legend of Zelda: Breath of the Wild,2017,1,The Legend of Zelda: Breath of the Wild,Karson is a character in Breath of the Wild. ,TRUE,minimal_description,review,review,
Kashiko,,Female,The Legend of Zelda: The Wind Waker,2003,1,The Legend of Zelda: The Wind Waker,Kashiko is a character in The Wind Waker. ,TRUE,no_race; minimal_description,review,review,
Kass,Rito,Male,The Legend of Zelda: Breath of the Wild,2017,1,The Legend of Zelda: Breath of the Wild,Kass is a character of the Rito tribe in Breath of the Wild. ,FALSE,,review,review,
Katah Chuki,Sheikah,,The Legend of Zelda: Breath of the Wild,2017,1,The Legend of Zelda: Breath of the Wild,Katah Chuki is a character in Breath of the Wild. ,FALSE,,review,review,
Katosa Aug,Sheikah,,The Legend of Zelda: Breath of the Wild,2017,1,The Legend of Zelda: Breath of the Wild,Katosa Aug is a character in Breath of the Wild. ,TRUE,minimal_description,review,review,
Katta,Gerudo,Female,The Legend of Zelda: Breath of the Wild,2017,1,The Legend of Zelda: Breath of the Wild,Katta is a character in Breath of the Wild. ,TRUE,minimal_description,review,review,
Kayden,Zora,,The Legend of Zelda: Breath of the Wild,2017,1,The Legend of Zelda: Breath of the Wild,Kayden is a character in Breath of the Wild. ,TRUE,minimal_description,review,review,
Kayo,Cobble,Male,The Legend of Zelda: Phantom Hourglass,2007,1,The Legend of Zelda: Phantom Hourglass,Kayo is a character in Phantom Hourglass. ,TRUE,minimal_description,review,review,
Kaysa,Great Fairy,Female,The Legend of Zelda: Breath of the Wild,2017,1,The Legend of Zelda: Breath of the Wild,Kaysa is a character in Breath of the Wild. ,TRUE,minimal_description,review,review,
Kazul,Hylian,,The Legend of Zelda: Breath of the Wild,2017,1,The Legend of Zelda: Breath of the Wild,Kazul is a character in Breath of the Wild. ,TRUE,minimal_description,review,review,
Kee Dafunia,Sheikah,,The Legend of Zelda: Breath of the Wild,2017,1,The Legend of Zelda: Breath of the Wild,Kee Dafunia is a character in Breath of the Wild. They appear exclusively in The Champions' Ballad DLC Pack. ,FALSE,,review,review,
Keeha Yoog,Sheikah,,The Legend of Zelda: Breath of the Wild,2017,1,The Legend of Zelda: Breath of the Wild,Keeha Yoog is a character in Breath of the Wild. ,TRUE,minimal_description,review,review,
Keeley,Hylian,Female,The Legend of Zelda: The Minish Cap,2005,1,The Legend of Zelda: The Minish Cap,Keeley is a character in The Minish Cap. ,TRUE,minimal_description,review,review,
Keive Tala,Sheikah,,The Legend of Zelda: Breath of the Wild,2017,1,The Legend of Zelda: Breath of the Wild,Keive Tala is a character in Breath of the Wild. They appear exclusively in The Champions' Ballad DLC Pack. ,FALSE,,review,review,
Kema Kosassa,Sheikah,,The Legend of Zelda: Breath of the Wild,2017,1,The Legend of Zelda: Breath of the Wild,Kema Kosassa is a character in Breath of the Wild. ,FALSE,,review,review,
Kenyo,Hylian,,The Legend of Zelda: Breath of the Wild,2017,1,The Legend of Zelda: Breath of the Wild,Kenyo is a character in Breath of the Wild. ,TRUE,minimal_description,review,review,
Kheel,Rito,Female,The Legend of Zelda: Breath of the Wild,2017,1,The Legend of Zelda: Breath of the Wild,Kheel is a character in Breath of the Wild. ,TRUE,minimal_description,review,review,
Khini,Hylian,,The Legend of Zelda: Breath of the Wild,2017,1,The Legend of Zelda: Breath of the Wild,Khini is a character in Breath of the Wild. ,TRUE,minimal_description,review,review,
Kiana,Hylian,,The Legend of Zelda: Breath of the Wild,2017,1,The Legend of Zelda: Breath of the Wild,Kiana is a character in Breath of the Wild. ,TRUE,minimal_description,review,review,
Kidoh,Human,,The Legend of Zelda: Link's Awakening,1993,1,The Legend of Zelda: Link's Awakening,Kidoh is a character in Link's Awakening. ,TRUE,minimal_description,review,review,
Kihiro Moh,Sheikah,,The Legend of Zelda: Breath of the Wild,2017,1,The Legend of Zelda: Breath of the Wild,Kihiro Moh is a character in Breath of the Wild. They appear exclusively in The Champions' Ballad DLC Pack. ,FALSE,,review,review,
Kima,Hylian,,The Legend of Zelda: Breath of the Wild,2017,1,The Legend of Zelda: Breath of the Wild,Kima is a character in Breath of the Wild. ,TRUE,minimal_description,review,review,
King Dorephan,Zora,Male,The Legend of Zelda: Breath of the Wild,2017,1,The Legend of Zelda: Breath of the Wild,"King Dorephan is a character in Breath of the Wild. He is the ruler of the Zora, and the father of Mipha and Sidon. ",FALSE,,review,review,
King Mutoh,Cobble,Male,The Legend of Zelda: Phantom Hourglass,2007,1,The Legend of Zelda: Phantom Hourglass,King Mutoh is a character in Phantom Hourglass. ,TRUE,minimal_description,review,review,
King Tuft,Human,Male,The Legend of Zelda: Tri Force Heroes,2015,1,The Legend of Zelda: Tri Force Heroes,King Tuft is the monarch that presides over Hytopia in Tri Force Heroes. ,FALSE,,review,review,
Kish,Hylian,,The Legend of Zelda: Breath of the Wild,2017,1,The Legend of Zelda: Breath of the Wild,Kish is a character in Breath of the Wild. ,TRUE,minimal_description,review,review,
Klaus,Hylian,Male,The Legend of Zelda: The Minish Cap,2005,1,The Legend of Zelda: The Minish Cap,Klaus is a character in The Minish Cap. ,TRUE,minimal_description,review,review,
Koboli,Rito,,The Legend of Zelda: The Wind Waker,2003,1,The Legend of Zelda: The Wind Waker,Koboli is a character in The Wind Waker. ,TRUE,minimal_description,review,review,
Kodah,Zora,Female,The Legend of Zelda: Breath of the Wild,2017,1,The Legend of Zelda: Breath of the Wild,Kodah is a character in Breath of the Wild. ,TRUE,minimal_description,review,review,
Kofu,Anouki,Male,The Legend of Zelda: Spirit Tracks,2009,1,The Legend of Zelda: Spirit Tracks,Kofu is an Anouki in Spirit Tracks. He resides in Anouki Village in the Snow Realm. ,FALSE,,review,review,
Kogoli,Rito,,The Legend of Zelda: The Wind Waker,2003,1,The Legend of Zelda: The Wind Waker,Kogoli is a character in The Wind Waker. ,TRUE,minimal_description,review,review,
Kohm,Gerudo,Female,The Legend of Zelda: Breath of the Wild,2017,1,The Legend of Zelda: Breath of the Wild,Kohm is a character in Breath of the Wild. ,TRUE,minimal_description,review,review,
Koko,Sheikah,Female,The Legend of Zelda: Breath of the Wild,2017,1,The Legend of Zelda: Breath of the Wild,Koko is a character in Breath of the Wild. ,TRUE,minimal_description,review,review,
Komali,Rito,Male,The Legend of Zelda: The Wind Waker,2003,1,The Legend of Zelda: The Wind Waker,"Komali, also known as Prince Komali, is a character in The Wind Waker. ",FALSE,,review,review,
Konba,Hylian,Male,The Legend of Zelda: Breath of the Wild,2017,1,The Legend of Zelda: Breath of the Wild,Konba is a character in Breath of the Wild. ,TRUE,minimal_description,review,review,
Korgu Chideh,Sheikah,,The Legend of Zelda: Breath of the Wild,2017,1,The Legend of Zelda: Breath of the Wild,Korgu Chideh is a character in Breath of the Wild. ,FALSE,,review,review,
Kotta,Gerudo,Female,The Legend of Zelda: Breath of the Wild,2017,1,The Legend of Zelda: Breath of the Wild,Kotta is a character in Breath of the Wild. ,TRUE,minimal_description,review,review,
Kotts,Rito,,The Legend of Zelda: Breath of the Wild,2017,1,The Legend of Zelda: Breath of the Wild,Kotts is a character in Breath of the Wild. ,TRUE,minimal_description,review,review,
Koyin,Hylian,Female,The Legend of Zelda: Breath of the Wild,2017,1,The Legend of Zelda: Breath of the Wild,Koyin is a character in Breath of the Wild. ,TRUE,minimal_description,review,review,
Krane,Goron,Male,The Legend of Zelda: Breath of the Wild,2017,1,The Legend of Zelda: Breath of the Wild,Krane is a character in Breath of the Wild. ,TRUE,minimal_description,review,review,
Kreeb,,Male,The Legend of Zelda: The Wind Waker,2003,1,The Legend of Zelda: The Wind Waker,Kreeb is a character in The Wind Waker. ,TRUE,no_race; minimal_description,review,review,
Kuhn Sidajj,Sheikah,,The Legend of Zelda: Breath of the Wild,2017,1,The Legend of Zelda: Breath of the Wild,Kuhn Sidajj is a character in Breath of the Wild. ,FALSE,,review,review,
Kumu,Anouki,Male,The Legend of Zelda: Phantom Hourglass,2007,1,The Legend of Zelda: Phantom Hourglass,Kumu is a character from Phantom Hourglass. ,TRUE,minimal_description,review,review,
Kyra,Gerudo,Female,The Legend of Zelda: Breath of the Wild,2017,1,The Legend of Zelda: Breath of the Wild,Kyra is a character in Breath of the Wild. ,TRUE,minimal_description,review,review,
Lady Alma,,Female,Zelda: The Wand of Gamelon,1993,1,Zelda: The Wand of Gamelon,Lady Alma is a character in The Wand of Gamelon. She is a woman Zelda encounters on her adventures in Gamelon. ,TRUE,no_race,review,review,
Laflat,Zora,,The Legend of Zelda: Breath of the Wild,2017,1,The Legend of Zelda: Breath of the Wild,Laflat is a character in Breath of the Wild. ,TRUE,minimal_description,review,review,
Laine,Gerudo,Female,The Legend of Zelda: Breath of the Wild,2017,1,The Legend of Zelda: Breath of the Wild,Laine is a character in Breath of the Wild. ,TRUE,minimal_description,review,review,
Lake Scientist,,Male,The Legend of Zelda: Ocarina of Time,1998,1,The Legend of Zelda: Ocarina of Time,The Lake Scientist is a character in Ocarina of Time. ,TRUE,no_race,review,review,
Lakna Rokee,Sheikah,,The Legend of Zelda: Breath of the Wild,2017,1,The Legend of Zelda: Breath of the Wild,Lakna Rokee is a character in Breath of the Wild. ,FALSE,,review,review,
Lanayru Tourism,,,The Legend of Zelda: Twilight Princess,2006,1,The Legend of Zelda: Twilight Princess,"Lanayru Tourism, also known as the Lanayru Tourist Association, is a group in Twilight Princess. ",TRUE,no_race,review,review,
Lapelli,,Male,The Legend of Zelda: Phantom Hourglass,2007,1,The Legend of Zelda: Phantom Hourglass,Lapelli is a character in Phantom Hourglass. ,TRUE,no_race; minimal_description,review,review,
Laroba,Gerudo,Female,The Legend of Zelda: Breath of the Wild,2017,1,The Legend of Zelda: Breath of the Wild,Laroba is a character in Breath of the Wild. ,TRUE,minimal_description,review,review,
Lashley,Gerudo,Female,The Legend of Zelda: Breath of the Wild,2017,1,The Legend of Zelda: Breath of the Wild,Lashley is a character in Breath of the Wild. ,TRUE,minimal_description,review,review,
Lasli,Sheikah,Female,The Legend of Zelda: Breath of the Wild,2017,1,The Legend of Zelda: Breath of the Wild,Lasli is a character in Breath of the Wild. ,TRUE,minimal_description,review,review,
Lattie,Human,,The Legend of Zelda: Link's Awakening,1993,1,The Legend of Zelda: Link's Awakening,Lattie is a character in Link's Awakening. ,TRUE,minimal_description,review,review,
Lawdon,Hylian,,The Legend of Zelda: Breath of the Wild,2017,1,The Legend of Zelda: Breath of the Wild,Lawdon is a character in Breath of the Wild. ,TRUE,minimal_description,review,review,
Leaf,Fairy,Male,The Legend of Zelda: Phantom Hourglass,2007,1,The Legend of Zelda: Phantom Hourglass,Leaf is a character in Phantom Hourglass. ,TRUE,minimal_description,review,review,
Ledo,Zora,,The Legend of Zelda: Breath of the Wild,2017,1,The Legend of Zelda: Breath of the Wild,Ledo is a character in Breath of the Wild. ,TRUE,minimal_description,review,review,
Leena,Gerudo,Female,The Legend of Zelda: Breath of the Wild,2017,1,The Legend of Zelda: Breath of the Wild,Leena is a character in Breath of the Wild. ,TRUE,minimal_description,review,review,
Leila,Hylian,Female,The Legend of Zelda: The Minish Cap,2005,1,The Legend of Zelda: The Minish Cap,Leila is a character in The Minish Cap. ,TRUE,minimal_description,review,review,
Lenzo,Hylian,Male,The Legend of Zelda: The Wind Waker,2003,1,The Legend of Zelda: The Wind Waker,Lenzo is a character in The Wind Waker. ,TRUE,minimal_description,review,review,
Leop,Hylian,Male,The Legend of Zelda: Breath of the Wild,2017,1,The Legend of Zelda: Breath of the Wild,Leop is a character in Breath of the Wild. ,TRUE,minimal_description,review,review,
Lester,Hylian,,The Legend of Zelda: Breath of the Wild,2017,1,The Legend of Zelda: Breath of the Wild,Lester is a character in Breath of the Wild. ,TRUE,minimal_description,review,review,
Letty,Hylian,,The Legend of Zelda: Breath of the Wild,2017,1,The Legend of Zelda: Breath of the Wild,Letty is a character in Breath of the Wild. ,TRUE,minimal_description,review,review,
Liana,Gerudo,Female,The Legend of Zelda: Breath of the Wild,2017,1,The Legend of Zelda: Breath of the Wild,Liana is a character in Breath of the Wild. ,TRUE,minimal_description,review,review,
Librari,Minish,Male,The Legend of Zelda: The Minish Cap,2005,1,The Legend of Zelda: The Minish Cap,Librari is a character in The Minish Cap. ,TRUE,minimal_description,review,review,
Library Minish,,,The Legend of Zelda: The Minish Cap,2005,1,The Legend of Zelda: The Minish Cap,The Library Minish are a group of Town Minish in The Minish Cap. ,TRUE,no_race,review,review,
Linder,Korok,Male,The Legend of Zelda: The Wind Waker,2003,1,The Legend of Zelda: The Wind Waker,Linder is a character in The Wind Waker. ,TRUE,minimal_description,review,review,
Little Brother Beaver,Beaver,Male,The Legend of Zelda: Majora's Mask,2000,1,The Legend of Zelda: Majora's Mask,Little Brother Beaver is a character in Majora's Mask. ,FALSE,,review,review,
Lolly,Hylian,Male,The Legend of Zelda: The Minish Cap,2005,1,The Legend of Zelda: The Minish Cap,Lolly is a character in The Minish Cap. ,TRUE,minimal_description,review,review,
Lonni,Hylian,,The Legend of Zelda: Breath of the Wild,2017,1,The Legend of Zelda: Breath of the Wild,Lonni is a character in Breath of the Wild. ,TRUE,minimal_description,review,review,
Loone,Hylian,Female,The Legend of Zelda: Breath of the Wild,2017,1,The Legend of Zelda: Breath of the Wild,Loone is a character in Breath of the Wild. ,TRUE,minimal_description,review,review,
Loot,,Male,The Legend of Zelda: The Wind Waker,2003,1,The Legend of Zelda: The Wind Waker,Loot is a character in The Wind Waker. ,TRUE,no_race; minimal_description,review,review,
Lord Kiro,,Male,Zelda: The Wand of Gamelon,1993,1,Zelda: The Wand of Gamelon,Lord Kiro is a character in The Wand of Gamelon. ,TRUE,no_race; minimal_description,review,review,
Lorn,Gerudo,Female,The Legend of Zelda: Breath of the Wild,2017,1,The Legend of Zelda: Breath of the Wild,Lorn is a character in Breath of the Wild. ,TRUE,minimal_description,review,review,
Lost Old Man,Hylian,Male,The Legend of Zelda: A Link to the Past,1992,1,The Legend of Zelda: A Link to the Past,The Lost Old Man is a character in A Link to the Past. ,FALSE,,review,review,
Loyal Sage,Hylian,Male,The Legend of Zelda: A Link to the Past,1992,1,The Legend of Zelda: A Link to the Past,Loyal Sage is a character in A Link to the Past. ,TRUE,minimal_description,review,review,
Lubonga,,Female,Zelda: The Wand of Gamelon,1993,1,Zelda: The Wand of Gamelon,"Lubonga is a character in The Wand of Gamelon. She is a woman living in Aru Ainu, Gamelon. ",TRUE,no_race,review,review,
Lucia,Hylian,Female,The Legend of Zelda: Spirit Tracks,2009,1,The Legend of Zelda: Spirit Tracks,Lucia is a character in Spirit Tracks. ,TRUE,minimal_description,review,review,
Lucky Lee,Spirit,,The Legend of Zelda: Phantom Hourglass,2007,1,The Legend of Zelda: Phantom Hourglass,Lucky Lee is a character in Phantom Hourglass. ,TRUE,minimal_description,review,review,
Luda,Human,Female,The Legend of Zelda: Twilight Princess,2006,1,The Legend of Zelda: Twilight Princess,Luda is a character in Twilight Princess.  ,TRUE,minimal_description,review,review,
Lukan,Gerudo,Female,The Legend of Zelda: Breath of the Wild,2017,1,The Legend of Zelda: Breath of the Wild,Lukan is a character in Breath of the Wild. ,TRUE,minimal_description,review,review,
Lulu,Zora,Female,The Legend of Zelda: Majora's Mask,2000,1,The Legend of Zelda: Majora's Mask,Lulu is a character in Majora's Mask. ,TRUE,minimal_description,review,review,
Lumberjack,,,The Legend of Zelda: A Link to the Past,1992,1,The Legend of Zelda: A Link to the Past,Lumberjacks are recurring characters in The Legend of Zelda series. ,TRUE,no_race,review,review,
Lyndae,Goron,Male,The Legend of Zelda: Breath of the Wild,2017,1,The Legend of Zelda: Breath of the Wild,Lyndae is a character in Breath of the Wild. ,TRUE,minimal_description,review,review,
Lynna City Comedian,Human,Male,The Legend of Zelda: Oracle of Ages,2001,1,The Legend of Zelda: Oracle of Ages,The Lynna City Comedian is a character in Oracle of Ages.  ,FALSE,,review,review,
Maag Halan,Sheikah,,The Legend of Zelda: Breath of the Wild,2017,1,The Legend of Zelda: Breath of the Wild,Maag Halan is a character in Breath of the Wild. ,TRUE,minimal_description,review,review,
Maca,Korok,,The Legend of Zelda: Breath of the Wild,2017,1,The Legend of Zelda: Breath of the Wild,Maca is a character in Breath of the Wild. ,TRUE,minimal_description,review,review,
Mack,Hylian,Male,The Legend of Zelda: The Minish Cap,2005,1,The Legend of Zelda: The Minish Cap,Mack is a character in The Minish Cap. ,TRUE,minimal_description,review,review,
Madam MeowMeow,,Female,The Legend of Zelda: Link's Awakening,1993,1,The Legend of Zelda: Link's Awakening,Madam MeowMeow is a character in Link's Awakening. ,TRUE,no_race,review,review,
Madame Aroma,Hylian,Female,The Legend of Zelda: Majora's Mask,2000,1,The Legend of Zelda: Majora's Mask,Madame Aroma is a character in Majora's Mask. ,TRUE,minimal_description,review,review,
Madame Couture,Human,Female,The Legend of Zelda: Tri Force Heroes,2015,1,The Legend of Zelda: Tri Force Heroes,Madame Couture is a recurring character in The Legend of Zelda series. ,FALSE,,review,review,
Madame Fanadi,Hylian,Female,The Legend of Zelda: Twilight Princess,2006,1,The Legend of Zelda: Twilight Princess,Madame Fanadi is a character in Twilight Princess. ,FALSE,,review,review,
Madame Scratchcard,Human,Female,Freshly-Picked Tingle's Rosy Rupeeland,2006,1,Freshly-Picked Tingle's Rosy Rupeeland,Madame Scratchcard is a character in Freshly-Picked Tingle's Rosy Rupeeland. ,FALSE,,review,review,
Magda,Hylian,Female,The Legend of Zelda: Breath of the Wild,2017,1,The Legend of Zelda: Breath of the Wild,Magda is a character in Breath of the Wild. ,TRUE,minimal_description,review,review,
Magician,,,Zelda II: The Adventure of Link,1987,1,Zelda II: The Adventure of Link,The Magician is a character in The Adventure of Link. ,TRUE,no_race,review,review,
Mah Eliya,Sheikah,,The Legend of Zelda: Breath of the Wild,2017,1,The Legend of Zelda: Breath of the Wild,Mah Eliya is a character in Breath of the Wild. They appear exclusively in The Champions' Ballad DLC Pack. ,FALSE,,review,review,
Mai,,Female,The Legend of Zelda: Phantom Hourglass,2007,1,The Legend of Zelda: Phantom Hourglass,Mai is a character in Phantom Hourglass. ,TRUE,no_race; minimal_description,review,review,
Maike,Gerudo,Female,The Legend of Zelda: Breath of the Wild,2017,1,The Legend of Zelda: Breath of the Wild,Maike is a character in Breath of the Wild. ,TRUE,minimal_description,review,review,
Makar,Korok,Male,The Legend of Zelda: The Wind Waker,2003,1,The Legend of Zelda: The Wind Waker,Makar is a character in The Wind Waker. ,TRUE,minimal_description,review,review,
Makure,Gerudo,Female,The Legend of Zelda: Breath of the Wild,2017,1,The Legend of Zelda: Breath of the Wild,Makure is a character in Breath of the Wild. ,TRUE,minimal_description,review,review,
Malanya,,Male,The Legend of Zelda: Breath of the Wild,2017,1,The Legend of Zelda: Breath of the Wild,Malanya is a character in Breath of the Wild. ,TRUE,no_race; minimal_description,review,review,
Malena,Gerudo,Female,The Legend of Zelda: Breath of the Wild,2017,1,The Legend of Zelda: Breath of the Wild,Malena is a character in Breath of the Wild. ,TRUE,minimal_description,review,review,
Malo,Human,Male,The Legend of Zelda: Twilight Princess,2006,1,The Legend of Zelda: Twilight Princess,Malo is a character in Twilight Princess. ,TRUE,minimal_description,review,review,
Maltza,,Male,The Legend of Zelda: Phantom Hourglass,2007,1,The Legend of Zelda: Phantom Hourglass,Maltza is a character in Phantom Hourglass. ,TRUE,no_race; minimal_description,review,review,
Mama,Hylian,Female,The Legend of Zelda: The Minish Cap,2005,1,The Legend of Zelda: The Minish Cap,Mama is a character in The Minish Cap. ,TRUE,minimal_description,review,review,
Mama Turtle,Turtle,Female ,The Legend of Zelda: A Link Between Worlds,2013,1,The Legend of Zelda: A Link Between Worlds,Mama Turtle is a character in A Link Between Worlds. She is the mother of the baby Turtles. ,FALSE,,review,review,
Man Carrying Sack,Hylian,Male,The Legend of Zelda: Ocarina of Time,1998,1,The Legend of Zelda: Ocarina of Time,The Man Carrying Sack is a character in Ocarina of Time. ,FALSE,,review,review,
Manbo,,Male,The Legend of Zelda: Link's Awakening,1993,1,The Legend of Zelda: Link's Awakening,Manbo is a character in Link's Awakening. ,TRUE,no_race; minimal_description,review,review,
Manny,Hylian,Male,The Legend of Zelda: The Wind Waker,2003,1,The Legend of Zelda: The Wind Waker,Manny is a character in The Wind Waker. ,TRUE,minimal_description,review,review,
Marcy,Hylian,Female,The Legend of Zelda: The Minish Cap,2005,1,The Legend of Zelda: The Minish Cap,Marcy is a character in The Minish Cap. ,TRUE,minimal_description,review,review,
Maronie,,Female,The Legend of Zelda: Phantom Hourglass,2007,1,The Legend of Zelda: Phantom Hourglass,Maronie is a character in Phantom Hourglass. ,TRUE,no_race; minimal_description,review,review,
Marta,Gerudo,Female,The Legend of Zelda: Breath of the Wild,2017,1,The Legend of Zelda: Breath of the Wild,Marta is a character in Breath of the Wild. ,TRUE,minimal_description,review,review,
Masked Follower,Loruleans,,The Legend of Zelda: A Link Between Worlds,2013,1,The Legend of Zelda: A Link Between Worlds,The Masked Followers are a group of characters found in Lorule in A Link Between Worlds. ,FALSE,,review,review,
Master Craftsman,Hylian,Male,The Legend of Zelda: Ocarina of Time,1998,1,The Legend of Zelda: Ocarina of Time,The Master Craftsman is a character in Ocarina of Time. ,FALSE,,review,review,
Master Diver,Human,Male,The Legend of Zelda: Oracle of Seasons,2001,1,The Legend of Zelda: Oracle of Seasons,The Master Diver is a character in Oracle of Seasons. ,FALSE,,review,review,
Match Master,Human,Male,The Legend of Zelda: Tri Force Heroes,2015,1,The Legend of Zelda: Tri Force Heroes,The Match Master is a character in Tri Force Heroes. He is responsible for matching Link with other heroes. ,FALSE,,review,review,
Mayor Cravendish,,Male,Zelda: The Wand of Gamelon,1993,1,Zelda: The Wand of Gamelon,"Mayor Cravendish  is a character in The Wand of Gamelon. He is the mayor of the town of Sakado, Gamelon. ",TRUE,no_race,review,review,
Mayor Dotour,Hylian,Male,The Legend of Zelda: Majora's Mask,2000,1,The Legend of Zelda: Majora's Mask,Mayor Dotour is a character in Majora's Mask. ,TRUE,minimal_description,review,review,
Mayro,Hylian,,The Legend of Zelda: Breath of the Wild,2017,1,The Legend of Zelda: Breath of the Wild,Mayro is a character in Breath of the Wild. ,TRUE,minimal_description,review,review,
Mazo,Anouki,,The Legend of Zelda: Phantom Hourglass,2007,1,The Legend of Zelda: Phantom Hourglass,Mazo is a character in Phantom Hourglass. ,TRUE,minimal_description,review,review,
Meeshy,,,The Legend of Zelda: Breath of the Wild,2017,1,The Legend of Zelda: Breath of the Wild,Meeshy is a character in Breath of the Wild. ,TRUE,no_race; minimal_description,review,review,
Mei,Zora,Female,The Legend of Zelda: Breath of the Wild,2017,1,The Legend of Zelda: Breath of the Wild,Mei is a character in Breath of the Wild. ,TRUE,minimal_description,review,review,
Melari,Minish,Male,The Legend of Zelda: The Minish Cap,2005,1,The Legend of Zelda: The Minish Cap,Melari is a character in The Minish Cap. ,TRUE,minimal_description,review,review,
Mellie,Sheikah,Female,The Legend of Zelda: Breath of the Wild,2017,1,The Legend of Zelda: Breath of the Wild,Mellie is a character in Breath of the Wild. ,TRUE,minimal_description,review,review,
Merina,Gerudo,Female,The Legend of Zelda: Breath of the Wild,2017,1,The Legend of Zelda: Breath of the Wild,Merina is a character in Breath of the Wild. ,TRUE,minimal_description,review,review,
Mermaid,Mermaid,Female,The Legend of Zelda: Link's Awakening,1993,1,The Legend of Zelda: Link's Awakening,The Mermaid is a character in Link's Awakening. ,TRUE,minimal_description,review,review,
Mezer,Hylian,,The Legend of Zelda: Breath of the Wild,2017,1,The Legend of Zelda: Breath of the Wild,Mezer is a character in Breath of the Wild. ,TRUE,minimal_description,review,review,
Mido,Kokiri,Male,The Legend of Zelda: Ocarina of Time,1998,1,The Legend of Zelda: Ocarina of Time,Mido is a character in Ocarina of Time. He is the moody leader of the Kokiri. ,FALSE,,review,review,
Mijah Rokee,Sheikah,,The Legend of Zelda: Breath of the Wild,2017,1,The Legend of Zelda: Breath of the Wild,Mijah Rokee is a character in Breath of the Wild. ,FALSE,,review,review,
Mike,Human,Male,Freshly-Picked Tingle's Rosy Rupeeland,2006,1,Freshly-Picked Tingle's Rosy Rupeeland,Mike is a character in Freshly-Picked Tingle's Rosy Rupeeland. ,FALSE,,review,review,
Milo,Hylian,Male,The Legend of Zelda: Spirit Tracks,2009,1,The Legend of Zelda: Spirit Tracks,Milo is a character in Spirit Tracks. ,TRUE,minimal_description,review,review,
Mimo,Rito,Male,The Legend of Zelda: Breath of the Wild,2017,1,The Legend of Zelda: Breath of the Wild,Mimo is a character in Breath of the Wild. ,TRUE,minimal_description,review,review,
Mimos,Hylian,,The Legend of Zelda: Breath of the Wild,2017,1,The Legend of Zelda: Breath of the Wild,Mimos is a character in Breath of the Wild. ,TRUE,minimal_description,review,review,
Minenco,Hylian,Female,The Legend of Zelda: The Wind Waker,2003,1,The Legend of Zelda: The Wind Waker,Minenco is a character in The Wind Waker. ,TRUE,minimal_description,review,review,
Minister Potho,Hylian,Male,The Legend of Zelda: The Minish Cap,2005,1,The Legend of Zelda: The Minish Cap,Minister Potho is a character in The Minish Cap. ,TRUE,minimal_description,review,review,
Misko,,Unknown,The Legend of Zelda: Breath of the Wild,2017,1,The Legend of Zelda: Breath of the Wild,Misko is a character in Breath of the Wild. ,TRUE,no_race; minimal_description,review,review,
Mittens,,,The Legend of Zelda: Oracle of Seasons,2001,1,The Legend of Zelda: Oracle of Seasons,Mittens is a character in Oracle of Seasons. ,TRUE,no_race; minimal_description,review,review,
Modar,Goron,Male,The Legend of Zelda: Breath of the Wild,2017,1,The Legend of Zelda: Breath of the Wild,Modar is a character in Breath of the Wild. ,TRUE,minimal_description,review,review,
Moe,Moblin,Male,The Legend of Zelda: The Wind Waker,2003,1,The Legend of Zelda: The Wind Waker,Moe is a character mentioned in The Wind Waker. ,TRUE,minimal_description,review,review,
Moggs,Hylian,,The Legend of Zelda: Breath of the Wild,2017,1,The Legend of Zelda: Breath of the Wild,Moggs is a character in Breath of the Wild. ,TRUE,minimal_description,review,review,
Molo,Hylian,,The Legend of Zelda: Breath of the Wild,2017,1,The Legend of Zelda: Breath of the Wild,Molo is a character in Breath of the Wild. ,TRUE,minimal_description,review,review,
Mona,Hylian,Female,The Legend of Zelda: Spirit Tracks,2009,1,The Legend of Zelda: Spirit Tracks,Mona is a character in Spirit Tracks. ,TRUE,minimal_description,review,review,
Monari,Hylian,Female,The Legend of Zelda: Breath of the Wild,2017,1,The Legend of Zelda: Breath of the Wild,Monari is a character in Breath of the Wild. ,TRUE,minimal_description,review,review,
Moon Child,,,The Legend of Zelda: Majora's Mask,2000,1,The Legend of Zelda: Majora's Mask,The Moon Children are characters in Majora's Mask. ,TRUE,no_race,review,review,
Morshu,Koridian,Male,Link: The Faces of Evil,1993,1,Link: The Faces of Evil,Morshu is a character in The Faces of Evil. He is a merchant who sells Link a variety of goods. ,FALSE,,review,review,
Mountain Goddess,Deity,Female,The Legend of Zelda: Spirit Tracks,2009,1,The Legend of Zelda: Spirit Tracks,The Mountain Goddess is a character in Spirit Tracks. ,FALSE,,review,review,
Mozo Shenno,Sheikah,,The Legend of Zelda: Breath of the Wild,2017,1,The Legend of Zelda: Breath of the Wild,Mozo Shenno is a character in Breath of the Wild. ,FALSE,,review,review,
Muava,Gerudo,Female,The Legend of Zelda: Breath of the Wild,2017,1,The Legend of Zelda: Breath of the Wild,Muava is a character in Breath of the Wild. ,TRUE,minimal_description,review,review,
Mubs,Hylian,Female,The Legend of Zelda: Breath of the Wild,2017,1,The Legend of Zelda: Breath of the Wild,Mubs is a character in Breath of the Wild. ,TRUE,minimal_description,review,review,
Muwo Jeem,Sheikah,,The Legend of Zelda: Breath of the Wild,2017,1,The Legend of Zelda: Breath of the Wild,Muwo Jeem is a character in Breath of the Wild. ,TRUE,minimal_description,review,review,
Muzu,Zora,Male,The Legend of Zelda: Breath of the Wild,2017,1,The Legend of Zelda: Breath of the Wild,Muzu is a character in Breath of the Wild. ,TRUE,minimal_description,review,review,
Myra,,Female,Zelda: The Wand of Gamelon,1993,1,Zelda: The Wand of Gamelon,Myra is a character in The Wand of Gamelon. She is a woman Zelda encounters in the forests of Gamelon. ,TRUE,no_race,review,review,
Myti,Hylian,,The Legend of Zelda: Breath of the Wild,2017,1,The Legend of Zelda: Breath of the Wild,Myti is a character in Breath of the Wild. ,TRUE,minimal_description,review,review,
Nack,Hylian,Male,The Legend of Zelda: Breath of the Wild,2017,1,The Legend of Zelda: Breath of the Wild,Nack is a character in Breath of the Wild. ,TRUE,minimal_description,review,review,
Naddon,Goron,Male,The Legend of Zelda: Breath of the Wild,2017,1,The Legend of Zelda: Breath of the Wild,Naddon is a character in Breath of the Wild. ,TRUE,minimal_description,review,review,
Nagi,Hylian,,The Legend of Zelda: Spirit Tracks,2009,1,The Legend of Zelda: Spirit Tracks,Nagi is a character in Spirit Tracks. ,TRUE,minimal_description,review,review,
Nah,Sand Seal,,The Legend of Zelda: Breath of the Wild,2017,1,The Legend of Zelda: Breath of the Wild,Nah is a character in Breath of the Wild. ,TRUE,minimal_description,review,review,
Namali,Rito,,The Legend of Zelda: The Wind Waker,2003,1,The Legend of Zelda: The Wind Waker,Namali is a character in The Wind Waker. ,TRUE,minimal_description,review,review,
Namika Ozz,Sheikah,,The Legend of Zelda: Breath of the Wild,2017,1,The Legend of Zelda: Breath of the Wild,Namika Ozz is a character in Breath of the Wild. ,TRUE,minimal_description,review,review,
Nanna,Sheikah,Female,The Legend of Zelda: Breath of the Wild,2017,1,The Legend of Zelda: Breath of the Wild,Nanna is a character in Breath of the Wild. ,TRUE,minimal_description,review,review,
Narah,Hylian,Female,The Legend of Zelda: Breath of the Wild,2017,1,The Legend of Zelda: Breath of the Wild,Narah is a character in Breath of the Wild. ,TRUE,minimal_description,review,review,
Nat,Hylian,Female,The Legend of Zelda: Breath of the Wild,2017,1,The Legend of Zelda: Breath of the Wild,Nat is a character in Breath of the Wild. ,TRUE,minimal_description,review,review,
Naydra,,,The Legend of Zelda: Breath of the Wild,2017,1,The Legend of Zelda: Breath of the Wild,Naydra is a Dragon in Breath of the Wild. ,TRUE,no_race; minimal_description,review,review,
Nazbi,Hylian,Male,The Legend of Zelda: Breath of the Wild,2017,1,The Legend of Zelda: Breath of the Wild,Nazbi is a character in Breath of the Wild. ,TRUE,minimal_description,review,review,
Nebb,Hylian,Male,The Legend of Zelda: Breath of the Wild,2017,1,The Legend of Zelda: Breath of the Wild,Nebb is a character in Breath of the Wild. ,TRUE,minimal_description,review,review,
Nekk,Rito,Male,The Legend of Zelda: Breath of the Wild,2017,1,The Legend of Zelda: Breath of the Wild,Nekk is a character in Breath of the Wild. ,TRUE,minimal_description,review,review,
Nell,Hylian,Male,The Legend of Zelda: Breath of the Wild,2017,1,The Legend of Zelda: Breath of the Wild,Nell is a character in Breath of the Wild. ,TRUE,minimal_description,review,review,
Nellie,Gerudo,Female,The Legend of Zelda: Breath of the Wild,2017,1,The Legend of Zelda: Breath of the Wild,Nellie is a character in Breath of the Wild. ,TRUE,minimal_description,review,review,
Nikki,Hylian,Female,The Legend of Zelda: Breath of the Wild,2017,1,The Legend of Zelda: Breath of the Wild,Nikki is a character in Breath of the Wild. ,TRUE,minimal_description,review,review,
Nobiro,Hylian,Male,The Legend of Zelda: Breath of the Wild,2017,1,The Legend of Zelda: Breath of the Wild,Nobiro is a character in Breath of the Wild. ,TRUE,minimal_description,review,review,
Nobo,Hylian,,The Legend of Zelda: Breath of the Wild,2017,1,The Legend of Zelda: Breath of the Wild,Nobo is a character in Breath of the Wild. ,TRUE,minimal_description,review,review,
Nobodo,Anouki,,The Legend of Zelda: Phantom Hourglass,2007,1,The Legend of Zelda: Phantom Hourglass,Nobodo is a character in Phantom Hourglass. ,TRUE,minimal_description,review,review,
Noe Rajee,Sheikah,,The Legend of Zelda: Breath of the Wild,2017,1,The Legend of Zelda: Breath of the Wild,Noe Rajee is a character in Breath of the Wild. They appear exclusively in The Champions' Ballad DLC Pack. ,FALSE,,review,review,
Noko,Anouki,Male,The Legend of Zelda: Spirit Tracks,2009,1,The Legend of Zelda: Spirit Tracks,Noko is an Anouki in Spirit Tracks. He resides in Anouki Village in the Snow Realm. ,FALSE,,review,review,
Notts,Rito,,The Legend of Zelda: Breath of the Wild,2017,1,The Legend of Zelda: Breath of the Wild,Notts is a character in Breath of the Wild. ,TRUE,minimal_description,review,review,
Noya Neha,Sheikah,,The Legend of Zelda: Breath of the Wild,2017,1,The Legend of Zelda: Breath of the Wild,Noya Neha is a character in Breath of the Wild. ,TRUE,minimal_description,review,review,
Numar,Hylian,Male,The Legend of Zelda: Breath of the Wild,2017,1,The Legend of Zelda: Breath of the Wild,Numar is a character in Breath of the Wild. ,TRUE,minimal_description,review,review,
Nyave,,Male,The Legend of Zelda: Phantom Hourglass,2007,1,The Legend of Zelda: Phantom Hourglass,Nyave is a character in Phantom Hourglass. ,TRUE,no_race; minimal_description,review,review,
Nyeve,,Male,The Legend of Zelda: Phantom Hourglass,2007,1,The Legend of Zelda: Phantom Hourglass,Nyeve is a character in Phantom Hourglass. ,TRUE,no_race; minimal_description,review,review,
Oaki,Korok,,The Legend of Zelda: Breath of the Wild,2017,1,The Legend of Zelda: Breath of the Wild,Oaki is a character in Breath of the Wild. ,TRUE,minimal_description,review,review,
Oakin,Korok,Male,The Legend of Zelda: The Wind Waker,2003,1,The Legend of Zelda: The Wind Waker,Oakin is a character in The Wind Waker. ,TRUE,minimal_description,review,review,
Obli,Human,Male,The Legend of Zelda: The Wind Waker,2003,1,The Legend of Zelda: The Wind Waker,Obli is a character from The Wind Waker. ,TRUE,minimal_description,review,review,
Ocara,,Female,The Legend of Zelda: Phantom Hourglass,2007,1,The Legend of Zelda: Phantom Hourglass,Ocara is a character in Phantom Hourglass. ,TRUE,no_race; minimal_description,review,review,
Octo,Octorok,Unknown,The Legend of Zelda: A Link Between Worlds,2013,1,The Legend of Zelda: A Link Between Worlds,Octo is a character from A Link Between Worlds. ,TRUE,minimal_description,review,review,
Ojibe,,Male,The Legend of Zelda: Phantom Hourglass,2007,1,The Legend of Zelda: Phantom Hourglass,Ojibe is a character in Phantom Hourglass. ,TRUE,no_race; minimal_description,review,review,
Old Gent,Human,Male,Freshly-Picked Tingle's Rosy Rupeeland,2006,1,Freshly-Picked Tingle's Rosy Rupeeland,Old Gent is a character in Freshly-Picked Tingle's Rosy Rupeeland. ,FALSE,,review,review,
Old Lady from the Bomb Shop,Hylian,Female,The Legend of Zelda: Majora's Mask,2000,1,The Legend of Zelda: Majora's Mask,"The Old Lady from the Bomb Shop, also known as the Old Lady from Bomb Shop, is a character in Majora's Mask. ",FALSE,,review,review,
Old Wayfarer,Human,Male,The Legend of Zelda: Phantom Hourglass,2007,1,The Legend of Zelda: Phantom Hourglass,The Old Wayfarer is a character in Phantom Hourglass. ,FALSE,,review,review,
Oliff,Hylian,Male,The Legend of Zelda: Breath of the Wild,2017,1,The Legend of Zelda: Breath of the Wild,Oliff is a character in Breath of the Wild. ,TRUE,minimal_description,review,review,
Olivio,Korok,Male,The Legend of Zelda: The Wind Waker,2003,1,The Legend of Zelda: The Wind Waker,Olivio is a character in The Wind Waker. ,TRUE,minimal_description,review,review,
Ollie,Sheikah,Male,The Legend of Zelda: Breath of the Wild,2017,1,The Legend of Zelda: Breath of the Wild,Ollie is a character in Breath of the Wild. ,TRUE,minimal_description,review,review,
Olu,Gerudo,Female,The Legend of Zelda: Breath of the Wild,2017,1,The Legend of Zelda: Breath of the Wild,Olu is a character in Breath of the Wild. ,TRUE,minimal_description,review,review,
Onya,Hylian,,The Legend of Zelda: Breath of the Wild,2017,1,The Legend of Zelda: Breath of the Wild,Onya is a character in Breath of the Wild. ,TRUE,minimal_description,review,review,
Owl,Owl,Male,The Legend of Zelda: Link's Awakening,1993,1,The Legend of Zelda: Link's Awakening,The Owl is a character in Link's Awakening. ,TRUE,minimal_description,review,review,
Ozunda,Hylian,,The Legend of Zelda: Breath of the Wild,2017,1,The Legend of Zelda: Breath of the Wild,Ozunda is a character in Breath of the Wild. ,TRUE,minimal_description,review,review,
Padda,Gerudo,Female,The Legend of Zelda: Breath of the Wild,2017,1,The Legend of Zelda: Breath of the Wild,Padda is a character in Breath of the Wild. ,TRUE,minimal_description,review,review,
Padok,Hylian,,The Legend of Zelda: Breath of the Wild,2017,1,The Legend of Zelda: Breath of the Wild,Padok is a character in Breath of the Wild. ,TRUE,minimal_description,review,review,
Paige,Hylian,Female,The Legend of Zelda: The Minish Cap,2005,1,The Legend of Zelda: The Minish Cap,Paige is a character in The Minish Cap. ,TRUE,minimal_description,review,review,
Palme,Hylian,Male,The Legend of Zelda: Breath of the Wild,2017,1,The Legend of Zelda: Breath of the Wild,Palme is a character in Breath of the Wild. ,TRUE,minimal_description,review,review,
Papa,Hylian,Male,The Legend of Zelda: A Link Between Worlds,2013,1,The Legend of Zelda: A Link Between Worlds,Papa is a character in A Link Between Worlds. ,TRUE,minimal_description,review,review,
Papahl,Human,Male,The Legend of Zelda: Link's Awakening,1993,1,The Legend of Zelda: Link's Awakening,Papahl is a character in Link's Awakening. ,TRUE,minimal_description,review,review,
Parot,Human,Male,The Legend of Zelda: Oracle of Seasons,2001,1,The Legend of Zelda: Oracle of Seasons,Parot is the guitarist in the group of performers that travels across Holodrum in Oracle of Seasons. ,FALSE,,review,review,
Pasha,Gerudo,Female,The Legend of Zelda: Breath of the Wild,2017,1,The Legend of Zelda: Breath of the Wild,Pasha is a character in Breath of the Wild. ,TRUE,minimal_description,review,review,
Pashli,Rito,,The Legend of Zelda: The Wind Waker,2003,1,The Legend of Zelda: The Wind Waker,Pashli is a character in The Wind Waker. ,TRUE,minimal_description,review,review,
Patch,Human,Male,The Legend of Zelda: Oracle of Ages,2001,1,The Legend of Zelda: Oracle of Ages,Patch is a character in Oracle of Ages. ,TRUE,minimal_description,review,review,
Paya,Sheikah,Female,The Legend of Zelda: Breath of the Wild,2017,1,The Legend of Zelda: Breath of the Wild,Paya is a character in Breath of the Wild. ,TRUE,minimal_description,review,review,
Pearle,Gerudo,Female,The Legend of Zelda: Breath of the Wild,2017,1,The Legend of Zelda: Breath of the Wild,Pearle is a character in Breath of the Wild. ,TRUE,minimal_description,review,review,
Peeks,Korok,,The Legend of Zelda: Breath of the Wild,2017,1,The Legend of Zelda: Breath of the Wild,Peeks is a character in Breath of the Wild. ,TRUE,minimal_description,review,review,
Pelison,Goron,Male,The Legend of Zelda: Breath of the Wild,2017,1,The Legend of Zelda: Breath of the Wild,Pelison is a character in Breath of the Wild. ,TRUE,minimal_description,review,review,
Pepp,Korok,,The Legend of Zelda: Breath of the Wild,2017,1,The Legend of Zelda: Breath of the Wild,Pepp is a character in Breath of the Wild. ,TRUE,minimal_description,review,review,
Percy,,Male,The Legend of Zelda: The Minish Cap,2005,1,The Legend of Zelda: The Minish Cap,Percy is a character in The Minish Cap. ,TRUE,no_race; minimal_description,review,review,
Pergie,Human,Female ,The Legend of Zelda: Twilight Princess,2006,1,The Legend of Zelda: Twilight Princess,Pergie is a character in Twilight Princess. ,TRUE,minimal_description,review,review,
Perosa,Hylian,,The Legend of Zelda: Breath of the Wild,2017,1,The Legend of Zelda: Breath of the Wild,Perosa is a character in Breath of the Wild. ,TRUE,minimal_description,review,review,
Phanna,Hylian,Female,The Legend of Zelda: Breath of the Wild,2017,1,The Legend of Zelda: Breath of the Wild,Phanna is a character in Breath of the Wild. ,TRUE,minimal_description,review,review,
Philosopher,Hylian,Male,The Legend of Zelda: A Link Between Worlds,2013,1,The Legend of Zelda: A Link Between Worlds,The Philosopher is a character in A Link Between Worlds. He is the Lorulean counterpart of the Priest. ,FALSE,,review,review,
Phonogram Man,Hylian,,The Legend of Zelda: Ocarina of Time,1998,1,The Legend of Zelda: Ocarina of Time,"The Phonogram Man is a character in Ocarina of Time. He teaches Link the ""Song of Storms"". ",FALSE,,review,review,
Photo Bro,Human,Male,The Legend of Zelda: Tri Force Heroes,2015,1,The Legend of Zelda: Tri Force Heroes,The Photo Bro is a character in Tri Force Heroes. He runs the Miiverse Gallery in Hytopia. ,FALSE,,review,review,
Photographer,Mouse,Male,The Legend of Zelda: Link's Awakening DX,1998,1,The Legend of Zelda: Link's Awakening DX,The Photographer is a character in Link's Awakening DX. ,FALSE,,review,review,
Piaffe,Hylian,Male,The Legend of Zelda: Breath of the Wild,2017,1,The Legend of Zelda: Breath of the Wild,Piaffe is a character in Breath of the Wild. ,TRUE,minimal_description,review,review,
Pirou,Hylian,Male,The Legend of Zelda: Breath of the Wild,2017,1,The Legend of Zelda: Breath of the Wild,Pirou is a character in Breath of the Wild. ,TRUE,minimal_description,review,review,
Pitar,Hylian,,The Legend of Zelda: Breath of the Wild,2017,1,The Legend of Zelda: Breath of the Wild,Pitar is a character in Breath of the Wild. ,TRUE,minimal_description,review,review,
Ploka,Gerudo,Female,The Legend of Zelda: Breath of the Wild,2017,1,The Legend of Zelda: Breath of the Wild,Ploka is a character in Breath of the Wild. ,TRUE,minimal_description,review,review,
Pokki,Gerudo,Female,The Legend of Zelda: Breath of the Wild,2017,1,The Legend of Zelda: Breath of the Wild,Pokki is a character in Breath of the Wild. ,TRUE,minimal_description,review,review,
Pompie and Vera,Human,Female,The Legend of Zelda: The Wind Waker,2003,1,The Legend of Zelda: The Wind Waker,Pompie and Vera are characters in The Wind Waker. ,FALSE,,review,review,
Pondo,Hylian,,The Legend of Zelda: Breath of the Wild,2017,1,The Legend of Zelda: Breath of the Wild,Pondo is a character in Breath of the Wild.  ,TRUE,minimal_description,review,review,
Potato,,Female,The Legend of Zelda: Phantom Hourglass,2007,1,The Legend of Zelda: Phantom Hourglass,Potato is a character in Phantom Hourglass. ,TRUE,no_race; minimal_description,review,review,
Potova,Hylian,Female,The Legend of Zelda: The Wind Waker,2003,1,The Legend of Zelda: The Wind Waker,Potova is a character in The Wind Waker. ,TRUE,minimal_description,review,review,
Powder Keg Seller,Goron,Male,The Legend of Zelda: Majora's Mask,2000,1,The Legend of Zelda: Majora's Mask,The Powder Keg Seller is a character in Majora's Mask. ,FALSE,,review,review,
Prima,Hylian,,The Legend of Zelda: Breath of the Wild,2017,1,The Legend of Zelda: Breath of the Wild,Prima is a character in Breath of the Wild. ,TRUE,minimal_description,review,review,
Prince Ralis,Zora,Male,The Legend of Zelda: Twilight Princess,2006,1,The Legend of Zelda: Twilight Princess,Prince Ralis is a character in Twilight Princess. ,FALSE,,review,review,
Princess Styla,Human,Female,The Legend of Zelda: Tri Force Heroes,2015,1,The Legend of Zelda: Tri Force Heroes,"Princess Styla  is the cursed daughter of King Tuft, sovereign of Hytopia in Tri Force Heroes. ",FALSE,,review,review,
Prissen,Hylian,Male,The Legend of Zelda: Breath of the Wild,2017,1,The Legend of Zelda: Breath of the Wild,Prissen is a character in Breath of the Wild. ,TRUE,minimal_description,review,review,
Pritana,Gerudo,Female,The Legend of Zelda: Breath of the Wild,2017,1,The Legend of Zelda: Breath of the Wild,Pritana is a character in Breath of the Wild. ,TRUE,minimal_description,review,review,
Professor,,Male,The Legend of Zelda: Majora's Mask,2000,1,The Legend of Zelda: Majora's Mask,The Professor is a character in Majora's Mask. ,TRUE,no_race; minimal_description,review,review,
Proxi,Fairy,Female,Hyrule Warriors,2014,1,Hyrule Warriors,Proxi is a Fairy in Hyrule Warriors. She accompanies Link and speaks on his behalf. ,FALSE,,review,review,
Pruce,Hylian,Male,The Legend of Zelda: Breath of the Wild,2017,1,The Legend of Zelda: Breath of the Wild,"Pruce is a character in Breath of the Wild. He manages Hateno Village's general store, the East Wind. ",FALSE,,review,review,
Pumaag Nitae,Sheikah,,The Legend of Zelda: Breath of the Wild,2017,1,The Legend of Zelda: Breath of the Wild,Pumaag Nitae is a character in Breath of the Wild. ,FALSE,,review,review,
Purah,Sheikah,Female,The Legend of Zelda: Breath of the Wild,2017,1,The Legend of Zelda: Breath of the Wild,Purah is a character in Breath of the Wild. ,TRUE,minimal_description,review,review,
Purlo,Human,Male,The Legend of Zelda: Twilight Princess,2006,1,The Legend of Zelda: Twilight Princess,Purlo is a character in Twilight Princess. ,TRUE,minimal_description,review,review,
Purry,,,The Legend of Zelda: The Minish Cap,2005,1,The Legend of Zelda: The Minish Cap,Purry is a character in The Minish Cap. ,TRUE,no_race; minimal_description,review,review,
Pyra,Gerudo,Female,The Legend of Zelda: Breath of the Wild,2017,1,The Legend of Zelda: Breath of the Wild,Pyra is a character in Breath of the Wild. ,TRUE,minimal_description,review,review,
Quadruplet Family,,,The Legend of Zelda: Link's Awakening,1993,1,The Legend of Zelda: Link's Awakening,The Quadruplet Family is a family in Link's Awakening. ,TRUE,no_race,review,review,
Quill,Rito,Male,The Legend of Zelda: The Wind Waker,2003,1,The Legend of Zelda: The Wind Waker,Quill is a character in The Wind Waker. ,TRUE,minimal_description,review,review,
Quince,Hylian,Male,The Legend of Zelda: Breath of the Wild,2017,1,The Legend of Zelda: Breath of the Wild,Quince is a character in Breath of the Wild. ,TRUE,minimal_description,review,review,
Qukah Nata,Sheikah,,The Legend of Zelda: Breath of the Wild,2017,1,The Legend of Zelda: Breath of the Wild,Qukah Nata is a character in Breath of the Wild. ,TRUE,minimal_description,review,review,
Racing Bros,Hylian,Male,The Legend of Zelda: A Link Between Worlds,2013,1,The Legend of Zelda: A Link Between Worlds,The Racing Bros are a pair of characters in A Link Between Worlds. ,FALSE,,review,review,
Ralera,Hylian,Female,The Legend of Zelda: Breath of the Wild,2017,1,The Legend of Zelda: Breath of the Wild,Ralera is a character in Breath of the Wild. ,TRUE,minimal_description,review,review,
Ramella,Gerudo,Female,The Legend of Zelda: Breath of the Wild,2017,1,The Legend of Zelda: Breath of the Wild,Ramella is a character in Breath of the Wild. ,TRUE,minimal_description,review,review,
Raqa Zunzo,Sheikah,,The Legend of Zelda: Breath of the Wild,2017,1,The Legend of Zelda: Breath of the Wild,Raqa Zunzo is a character in Breath of the Wild. ,TRUE,minimal_description,review,review,
Reagah,Goron,Male,The Legend of Zelda: Breath of the Wild,2017,1,The Legend of Zelda: Breath of the Wild,Reagah is a character in Breath of the Wild. ,TRUE,minimal_description,review,review,
Reede,Hylian,Male,The Legend of Zelda: Breath of the Wild,2017,1,The Legend of Zelda: Breath of the Wild,Reede is a character in Breath of the Wild. ,TRUE,minimal_description,review,review,
Regan,Hylian,Male,The Legend of Zelda: Breath of the Wild,2017,1,The Legend of Zelda: Breath of the Wild,Regan is a character in Breath of the Wild. ,TRUE,minimal_description,review,review,
Rem,Hylian,Male,The Legend of Zelda: The Minish Cap,2005,1,The Legend of Zelda: The Minish Cap,Rem is a character in The Minish Cap. ,TRUE,minimal_description,review,review,
Renado,Human,Male,The Legend of Zelda: Twilight Princess,2006,1,The Legend of Zelda: Twilight Princess,Renado is a character in Twilight Princess. ,TRUE,minimal_description,review,review,
Rensa,Hylian,Male,The Legend of Zelda: Breath of the Wild,2017,1,The Legend of Zelda: Breath of the Wild,Rensa is a character in Breath of the Wild. ,TRUE,minimal_description,review,review,
Revali,Rito,Male,The Legend of Zelda: Breath of the Wild,2017,1,The Legend of Zelda: Breath of the Wild,Revali is a character in Breath of the Wild. ,TRUE,minimal_description,review,review,
Rex,Hylian,Male,The Legend of Zelda: Breath of the Wild,2017,1,The Legend of Zelda: Breath of the Wild,Rex is a character in Breath of the Wild. ,TRUE,minimal_description,review,review,
Rhodes,Hylian,Male,The Legend of Zelda: Breath of the Wild,2017,1,The Legend of Zelda: Breath of the Wild,Rhodes is a character in Breath of the Wild. ,TRUE,minimal_description,review,review,
Rhondson,Gerudo,Female,The Legend of Zelda: Breath of the Wild,2017,1,The Legend of Zelda: Breath of the Wild,Rhondson is a character in Breath of the Wild. ,TRUE,minimal_description,review,review,
Riju,Gerudo,Female,The Legend of Zelda: Breath of the Wild,2017,1,The Legend of Zelda: Breath of the Wild,Makeela Riju is a character in Breath of the Wild. ,FALSE,,review,review,
Rik,Hylian,,The Legend of Zelda: Breath of the Wild,2017,1,The Legend of Zelda: Breath of the Wild,Rik is a character in Breath of the Wild. ,TRUE,minimal_description,review,review,
Rima,Gerudo,Female,The Legend of Zelda: Breath of the Wild,2017,1,The Legend of Zelda: Breath of the Wild,Rima is a character in Breath of the Wild. ,TRUE,minimal_description,review,review,
Ripp,Gerudo,Female,The Legend of Zelda: Breath of the Wild,2017,1,The Legend of Zelda: Breath of the Wild,Ripp is a character in Breath of the Wild. ,TRUE,minimal_description,review,review,
Risa,Gerudo,Female,The Legend of Zelda: Breath of the Wild,2017,1,The Legend of Zelda: Breath of the Wild,Risa is a character in Breath of the Wild. ,TRUE,minimal_description,review,review,
Ritaag Zumo,Sheikah,,The Legend of Zelda: Breath of the Wild,2017,1,The Legend of Zelda: Breath of the Wild,Ritaag Zumo is a character in Breath of the Wild. ,FALSE,,review,review,
Rivan,Zora,Male,The Legend of Zelda: Breath of the Wild,2017,1,The Legend of Zelda: Breath of the Wild,Rivan is a character in Breath of the Wild. ,TRUE,minimal_description,review,review,
River Man,,Male,Zelda II: The Adventure of Link,1987,1,Zelda II: The Adventure of Link,The River Man is a character from The Adventure of Link. ,TRUE,no_race,review,review,
Robbie,Sheikah,Male,The Legend of Zelda: Breath of the Wild,2017,1,The Legend of Zelda: Breath of the Wild,Robbie is a character in Breath of the Wild. ,TRUE,minimal_description,review,review,
Robsten,Hylian,Male,The Legend of Zelda: Breath of the Wild,2017,1,The Legend of Zelda: Breath of the Wild,Robsten is a character in Breath of the Wild. ,TRUE,minimal_description,review,review,
Rogaro,Goron,Male,The Legend of Zelda: Breath of the Wild,2017,1,The Legend of Zelda: Breath of the Wild,Rogaro is a character in Breath of the Wild. ,TRUE,minimal_description,review,review,
Rohan,Goron,Male,The Legend of Zelda: Breath of the Wild,2017,1,The Legend of Zelda: Breath of the Wild,Rohan is a character in Breath of the Wild. ,TRUE,minimal_description,review,review,
Romani,Hylian,Female,The Legend of Zelda: Majora's Mask,2000,1,The Legend of Zelda: Majora's Mask,Romani is a character in Majora's Mask. ,TRUE,minimal_description,review,review,
Roscoe,Ancient Orb,,The Legend of Zelda: Breath of the Wild,2017,1,The Legend of Zelda: Breath of the Wild,Roscoe is a character in Breath of the Wild. ,TRUE,minimal_description,review,review,
Rose,Hylian,Female,The Legend of Zelda: The Wind Waker,2003,1,The Legend of Zelda: The Wind Waker,Rose is a character in The Wind Waker. ,TRUE,minimal_description,review,review,
Rown,Korok,Male,The Legend of Zelda: The Wind Waker,2003,1,The Legend of Zelda: The Wind Waker,Rown is a character in The Wind Waker. ,TRUE,minimal_description,review,review,
Rudi,Hylian,,The Legend of Zelda: Breath of the Wild,2017,1,The Legend of Zelda: Breath of the Wild,Rudi is a character in Breath of the Wild. ,TRUE,minimal_description,review,review,
Ruli,Hylian,Female,The Legend of Zelda: Breath of the Wild,2017,1,The Legend of Zelda: Breath of the Wild,Ruli is a character in Breath of the Wild. ,TRUE,minimal_description,review,review,
Rupee Rush Guy,,Male,The Legend of Zelda: A Link Between Worlds,2013,1,The Legend of Zelda: A Link Between Worlds,The Rupee Rush Guy is a character in A Link Between Worlds. ,TRUE,no_race,review,review,
Rusl,Human,Male,The Legend of Zelda: Twilight Princess,2006,1,The Legend of Zelda: Twilight Princess,Rusl is a character in Twilight Princess. ,TRUE,minimal_description,review,review,
Russell,Hylian,Male,The Legend of Zelda: Spirit Tracks,2009,1,The Legend of Zelda: Spirit Tracks,Russell is a character in Spirit Tracks. He is the captain of the Hyrule Castle guards. ,FALSE,,review,review,
Ruvo Korbah,Sheikah,,The Legend of Zelda: Breath of the Wild,2017,1,The Legend of Zelda: Breath of the Wild,Ruvo Korbah is a character in Breath of the Wild. They appear exclusively in The Champions' Ballad DLC Pack. ,FALSE,,review,review,
Saki,Rito,Female,The Legend of Zelda: Breath of the Wild,2017,1,The Legend of Zelda: Breath of the Wild,Saki is a character in Breath of the Wild. ,TRUE,minimal_description,review,review,
Sakon,,Male,The Legend of Zelda: Majora's Mask,2000,1,The Legend of Zelda: Majora's Mask,Sakon is a character in Majora's Mask. ,TRUE,no_race; minimal_description,review,review,
Salvage Corp.,,,The Legend of Zelda: The Wind Waker,2003,1,The Legend of Zelda: The Wind Waker,"The Salvage Corp., also known as Salvage Corp, is a group of young treasure hunters in The Wind Waker. ",TRUE,no_race,review,review,
Sam,,Male,The Legend of Zelda: The Wind Waker,2003,1,The Legend of Zelda: The Wind Waker,Sam is a character in The Wind Waker. ,TRUE,no_race; minimal_description,review,review,
Sasa Kai,Sheikah,,The Legend of Zelda: Breath of the Wild,2017,1,The Legend of Zelda: Breath of the Wild,Sasa Kai is a character in Breath of the Wild. ,TRUE,minimal_description,review,review,
Satchel,Hylian,Male,The Legend of Zelda: The Minish Cap,2005,1,The Legend of Zelda: The Minish Cap,Satchel is a character in The Minish Cap. ,TRUE,minimal_description,review,review,
Sato Koda,Sheikah,,The Legend of Zelda: Breath of the Wild,2017,1,The Legend of Zelda: Breath of the Wild,Sato Koda is a character in Breath of the Wild. They appear exclusively in The Champions' Ballad DLC Pack. ,FALSE,,review,review,
Satty,,,The Legend of Zelda: Breath of the Wild,2017,1,The Legend of Zelda: Breath of the Wild,Satty is a character in Breath of the Wild. ,TRUE,no_race; minimal_description,review,review,
Saula,Gerudo,Female,The Legend of Zelda: Breath of the Wild,2017,1,The Legend of Zelda: Breath of the Wild,Saula is a character in Breath of the Wild. ,TRUE,minimal_description,review,review,
Savelle,Hylian,Male,The Legend of Zelda: Breath of the Wild,2017,1,The Legend of Zelda: Breath of the Wild,Savelle is a character in Breath of the Wild. ,TRUE,minimal_description,review,review,
Sayge,Hylian,Male,The Legend of Zelda: Breath of the Wild,2017,1,The Legend of Zelda: Breath of the Wild,Sayge is a character in Breath of the Wild. ,TRUE,minimal_description,review,review,
Scratcher,,,The Legend of Zelda: The Minish Cap,2005,1,The Legend of Zelda: The Minish Cap,Scratcher is a character in The Minish Cap. ,TRUE,no_race; minimal_description,review,review,
Sebasto,Hylian,,The Legend of Zelda: Breath of the Wild,2017,1,The Legend of Zelda: Breath of the Wild,Sebasto is a character in Breath of the Wild. ,TRUE,minimal_description,review,review,
Sefaro,Hylian,Male,The Legend of Zelda: Breath of the Wild,2017,1,The Legend of Zelda: Breath of the Wild,Sefaro is a character in Breath of the Wild. ,TRUE,minimal_description,review,review,
Seldon,Hylian,Male,The Legend of Zelda: Breath of the Wild,2017,1,The Legend of Zelda: Breath of the Wild,Seldon is a character in Breath of the Wild. ,TRUE,minimal_description,review,review,
Senna,Hylian,Female,The Legend of Zelda: Breath of the Wild,2017,1,The Legend of Zelda: Breath of the Wild,Senna is a character in Breath of the Wild. ,TRUE,minimal_description,review,review,
Sera,Human,Female,The Legend of Zelda: Twilight Princess,2006,1,The Legend of Zelda: Twilight Princess,Sera is a character in Twilight Princess. ,TRUE,minimal_description,review,review,
Servant of the Tower,,,The Legend of Zelda: The Wind Waker,2003,1,The Legend of Zelda: The Wind Waker,Servants of the Tower are characters featured in The Wind Waker. ,TRUE,no_race,review,review,
Sesami,Hylian,Male,The Legend of Zelda: Breath of the Wild,2017,1,The Legend of Zelda: Breath of the Wild,Sesami is a character in Breath of the Wild. ,TRUE,minimal_description,review,review,
Seven Heroines,,,The Legend of Zelda: Breath of the Wild,2017,1,The Legend of Zelda: Breath of the Wild,The Seven Heroines are a group of characters in Breath of the Wild. ,TRUE,no_race,review,review,
Shabonne,Gerudo,Female,The Legend of Zelda: Breath of the Wild,2017,1,The Legend of Zelda: Breath of the Wild,Shabonne is a character in Breath of the Wild. ,TRUE,minimal_description,review,review,
Shad,Hylian,Male,The Legend of Zelda: Twilight Princess,2006,1,The Legend of Zelda: Twilight Princess,Shad is a character in Twilight Princess. ,TRUE,minimal_description,review,review,
Shady Guy,Hylian,Male,The Legend of Zelda: A Link Between Worlds,2013,1,The Legend of Zelda: A Link Between Worlds,The Shady Guy is a character in A Link Between Worlds. ,FALSE,,review,review,
Shae Katha,Sheikah,,The Legend of Zelda: Breath of the Wild,2017,1,The Legend of Zelda: Breath of the Wild,Shae Katha is a character in Breath of the Wild. ,TRUE,minimal_description,review,review,
Shai Yota,Sheikah,,The Legend of Zelda: Breath of the Wild,2017,1,The Legend of Zelda: Breath of the Wild,Shai Yota is a character in Breath of the Wild. ,TRUE,minimal_description,review,review,
Shaillu,Gerudo,Female,The Legend of Zelda: Breath of the Wild,2017,1,The Legend of Zelda: Breath of the Wild,Shaillu is a character in Breath of the Wild. ,TRUE,minimal_description,review,review,
Shay,Hylian,,The Legend of Zelda: Breath of the Wild,2017,1,The Legend of Zelda: Breath of the Wild,Shay is a character in Breath of the Wild. ,TRUE,minimal_description,review,review,
Sherfin,,,The Legend of Zelda: Breath of the Wild,2017,1,The Legend of Zelda: Breath of the Wild,Sherfin is a character in Breath of the Wild. ,TRUE,no_race; minimal_description,review,review,
Shibo,Hylian,Male,The Legend of Zelda: Breath of the Wild,2017,1,The Legend of Zelda: Breath of the Wild,Shibo is a character in Breath of the Wild. ,TRUE,minimal_description,review,review,
Shira Gomar,Sheikah,,The Legend of Zelda: Breath of the Wild,2017,1,The Legend of Zelda: Breath of the Wild,Shira Gomar is a character in Breath of the Wild. They appear exclusively in The Champions' Ballad DLC Pack. ,FALSE,,review,review,
Shitate,Hylian,Male,The Legend of Zelda: Spirit Tracks,2009,1,The Legend of Zelda: Spirit Tracks,Shitate is a character in Spirit Tracks. ,TRUE,minimal_description,review,review,
Sho,Hylian,,The Legend of Zelda: Breath of the Wild,2017,1,The Legend of Zelda: Breath of the Wild,Sho is a character in Breath of the Wild. ,TRUE,minimal_description,review,review,
Shooting Gallery Owner,,Male,The Legend of Zelda: Ocarina of Time,1998,1,The Legend of Zelda: Ocarina of Time,Shooting Gallery Owner is a character in Ocarina of Time. ,TRUE,no_race,review,review,
Shoqa Tatone,Sheikah,,The Legend of Zelda: Breath of the Wild,2017,1,The Legend of Zelda: Breath of the Wild,Shoqa Tatone is a character in Breath of the Wild. ,FALSE,,review,review,
Sidekick,Human,Male,The Legend of Zelda: Oracle of Ages,2001,1,The Legend of Zelda: Oracle of Ages,The Sidekick is a character who appears in Oracle of Ages. ,FALSE,,review,review,
Simon,Hylian,Male,The Legend of Zelda: The Minish Cap,2005,1,The Legend of Zelda: The Minish Cap,Simon is a character in The Minish Cap. ,TRUE,minimal_description,review,review,
Sir Combsly,Human,Male,The Legend of Zelda: Tri Force Heroes,2015,1,The Legend of Zelda: Tri Force Heroes,Sir Combsly is a servant of King Tuft in Tri Force Heroes. ,FALSE,,review,review,
Skett and Akoot,Rito,,The Legend of Zelda: The Wind Waker,2003,1,The Legend of Zelda: The Wind Waker,Skett and Akoot are a pair of characters in The Wind Waker. ,FALSE,,review,review,
Sleeping Zelda,Hylian,Female,Zelda II: The Adventure of Link,1987,1,Zelda II: The Adventure of Link,Sleeping Zelda is a term used to describe the Princess Zelda that appears in The Adventure of Link. ,FALSE,,review,review,
Slergo,Goron,Male,The Legend of Zelda: Breath of the Wild,2017,1,The Legend of Zelda: Breath of the Wild,Slergo is a character in Breath of the Wild. ,TRUE,minimal_description,review,review,
Smaude,Gerudo,Female,The Legend of Zelda: Breath of the Wild,2017,1,The Legend of Zelda: Breath of the Wild,Smaude is a character in Breath of the Wild. ,TRUE,minimal_description,review,review,
Smith,,Male,The Legend of Zelda: The Minish Cap,2005,1,The Legend of Zelda: The Minish Cap,Smith is a character in The Minish Cap. ,TRUE,no_race; minimal_description,review,review,
Soal,Hylian,Male,The Legend of Zelda: Twilight Princess,2006,1,The Legend of Zelda: Twilight Princess,Soal is a character in Twilight Princess. ,TRUE,minimal_description,review,review,
Soh Kofi,Sheikah,,The Legend of Zelda: Breath of the Wild,2017,1,The Legend of Zelda: Breath of the Wild,Soh Kofi is a character in Breath of the Wild. ,TRUE,minimal_description,review,review,
Sokra the Prophet,Hylian,Male,The Legend of Zelda: Oracle of Seasons,2001,1,The Legend of Zelda: Oracle of Seasons,Sokra the Prophet is a character in Oracle of Seasons. ,FALSE,,review,review,
Sophie,Hylian,Female,The Legend of Zelda: Breath of the Wild,2017,1,The Legend of Zelda: Breath of the Wild,Sophie is a character in Breath of the Wild. ,TRUE,minimal_description,review,review,
Sorelia,Hylian,,The Legend of Zelda: Breath of the Wild,2017,1,The Legend of Zelda: Breath of the Wild,Sorelia is a character in Breath of the Wild. ,TRUE,minimal_description,review,review,
Spear Boy,,Male,The Legend of Zelda: A Link Between Worlds,2013,1,The Legend of Zelda: A Link Between Worlds,The Spear Boy is a character in A Link Between Worlds. ,TRUE,no_race,review,review,
Spirit of Autumn,Fairy,,The Legend of Zelda: Oracle of Seasons,2001,1,The Legend of Zelda: Oracle of Seasons,The Spirit of Autumn is a character in Oracle of Seasons. ,FALSE,,review,review,
Spirit of Healing,Fairy,,The Legend of Zelda: Spirit Tracks,2009,1,The Legend of Zelda: Spirit Tracks,The Spirit of Healing is a character in Spirit Tracks. ,FALSE,,review,review,
Spirit of Spring,Fairy,,The Legend of Zelda: Oracle of Seasons,2001,1,The Legend of Zelda: Oracle of Seasons,The Spirit of Spring is a character in Oracle of Seasons. ,FALSE,,review,review,
Spirit of Winter,Fairy,,The Legend of Zelda: Oracle of Seasons,2001,1,The Legend of Zelda: Oracle of Seasons,The Spirit of Winter is a character in Oracle of Seasons. ,FALSE,,review,review,
Spirit of the Mansion,,,The Legend of Zelda: Link's Awakening,1993,1,The Legend of Zelda: Link's Awakening,The Spirit of the Mansion is a character from Link's Awakening who lives in the Seashell Mansion. ,TRUE,no_race,review,review,
Splitblade,Hylian,Male,The Legend of Zelda: The Minish Cap,2005,1,The Legend of Zelda: The Minish Cap,Splitblade is a character in The Minish Cap. ,TRUE,minimal_description,review,review,
Spoone,Hylian,,The Legend of Zelda: Breath of the Wild,2017,1,The Legend of Zelda: Breath of the Wild,Spoone is a character in Breath of the Wild. ,TRUE,minimal_description,review,review,
Sprinn,Hylian,,The Legend of Zelda: Breath of the Wild,2017,1,The Legend of Zelda: Breath of the Wild,Sprinn is a character in Breath of the Wild. ,TRUE,minimal_description,review,review,
Stamm,Hylian,,The Legend of Zelda: Breath of the Wild,2017,1,The Legend of Zelda: Breath of the Wild,Stamm is a character in Breath of the Wild. ,TRUE,minimal_description,review,review,
Stamp,Hylian,Male,The Legend of Zelda: The Minish Cap,2005,1,The Legend of Zelda: The Minish Cap,Stamp is a character in The Minish Cap. ,TRUE,minimal_description,review,review,
Steroido,Human,Male,Freshly-Picked Tingle's Rosy Rupeeland,2006,1,Freshly-Picked Tingle's Rosy Rupeeland,Steroido is a character in Freshly-Picked Tingle's Rosy Rupeeland. ,FALSE,,review,review,
Stone Tower Temple Giant,Guardian Deity,,The Legend of Zelda: Majora's Mask,2000,1,The Legend of Zelda: Majora's Mask,Stone Tower Temple Giant is a character in Majora's Mask. ,FALSE,,review,review,
Storyteller,,,The Legend of Zelda: A Link to the Past,1992,1,The Legend of Zelda: A Link to the Past,Storytellers is the name given to a group of storytelling characters in A Link to the Past. ,TRUE,no_race,review,review,
Storytelling Bird,,,The Legend of Zelda: A Link to the Past,1992,1,The Legend of Zelda: A Link to the Past,The Storytelling Bird is a character in A Link to the Past. ,TRUE,no_race,review,review,
Storytelling Octopus,,,The Legend of Zelda: A Link to the Past,1992,1,The Legend of Zelda: A Link to the Past,The Storytelling Octopus is a character in A Link to the Past. ,TRUE,no_race,review,review,
Storytelling Tree,,,The Legend of Zelda: A Link to the Past,1992,1,The Legend of Zelda: A Link to the Past,The Storytelling Tree is a character in A Link to the Past. ,TRUE,no_race,review,review,
Straia,Hylian,,The Legend of Zelda: Breath of the Wild,2017,1,The Legend of Zelda: Breath of the Wild,Straia is a character in Breath of the Wild. ,TRUE,minimal_description,review,review,
Strange Brothers,Subrosians,Male,The Legend of Zelda: Oracle of Seasons,2001,1,The Legend of Zelda: Oracle of Seasons,The Strange Brothers are characters in Oracle of Seasons. ,FALSE,,review,review,
Strata,Wind Tribe,Male,The Legend of Zelda: The Minish Cap,2005,1,The Legend of Zelda: The Minish Cap,Strata is a character in The Minish Cap. ,TRUE,minimal_description,review,review,
Suzuna,Hylian,,The Legend of Zelda: Breath of the Wild,2017,1,The Legend of Zelda: Breath of the Wild,Suzuna is a character in Breath of the Wild. ,TRUE,minimal_description,review,review,
Tasseren,Hylian,Male,The Legend of Zelda: Breath of the Wild,2017,1,The Legend of Zelda: Breath of the Wild,Tasseren is a character in Breath of the Wild. ,TRUE,minimal_description,review,review,
Teli,Hylian,Male,The Legend of Zelda: Breath of the Wild,2017,1,The Legend of Zelda: Breath of the Wild,Teli is a character in Breath of the Wild. ,TRUE,minimal_description,review,review,
Tenne,Hylian,Female,The Legend of Zelda: Breath of the Wild,2017,1,The Legend of Zelda: Breath of the Wild,Tenne is a character in Breath of the Wild. ,TRUE,minimal_description,review,review,
Thomas,Human,Male,The Legend of Zelda: Oracle of Ages,2001,1,The Legend of Zelda: Oracle of Ages,Thomas is a character in Oracle of Ages. ,TRUE,minimal_description,review,review,
Tick Tock,Human,Male,The Legend of Zelda: Oracle of Seasons,2001,1,The Legend of Zelda: Oracle of Seasons,Tick Tock is a characters in Oracle of Seasons. He is a clockmaker who lives in Horon Village. ,FALSE,,review,review,
Toffa,Hylian,Male,The Legend of Zelda: Breath of the Wild,2017,1,The Legend of Zelda: Breath of the Wild,Toffa is a character in Breath of the Wild. ,TRUE,minimal_description,review,review,
Tokk,Hylian,,The Legend of Zelda: Breath of the Wild,2017,1,The Legend of Zelda: Breath of the Wild,Tokk is a character in Breath of the Wild. ,TRUE,minimal_description,review,review,
Toren,Hylian,,The Legend of Zelda: Breath of the Wild,2017,1,The Legend of Zelda: Breath of the Wild,Toren is a character in Breath of the Wild. ,TRUE,minimal_description,review,review,
Tottika,Zora,,The Legend of Zelda: Breath of the Wild,2017,1,The Legend of Zelda: Breath of the Wild,Tottika is a character in Breath of the Wild. ,TRUE,minimal_description,review,review,
Tracy,Human,Female,The Legend of Zelda: Link's Awakening,1993,1,The Legend of Zelda: Link's Awakening,Tracy is a recurring character in The Legend of Zelda series. ,FALSE,,review,review,
Traveler,Sheikah,,The Legend of Zelda: Breath of the Wild,2017,1,The Legend of Zelda: Breath of the Wild,Travelers are characters in Breath of the Wild. ,TRUE,minimal_description,review,review,
Treasure Chest Game Keeper,,Male,The Legend of Zelda: A Link to the Past,1992,1,The Legend of Zelda: A Link to the Past,The Treasure Chest Game Keeper is a character in A Link to the Past. ,TRUE,no_race,review,review,
Treasure Chest Shop Gal,,Female,The Legend of Zelda: Majora's Mask,2000,1,The Legend of Zelda: Majora's Mask,The Treasure Chest Shop Gal is a character in Majora's Mask. ,TRUE,no_race,review,review,
Treasure Teller,Hylian,Male,The Legend of Zelda: Phantom Hourglass,2007,1,The Legend of Zelda: Phantom Hourglass,The Treasure Teller is a character in Phantom Hourglass. ,FALSE,,review,review,
Troupe of Performers,,,The Legend of Zelda: Oracle of Seasons,2001,1,The Legend of Zelda: Oracle of Seasons,The Troupe of Performers is a group of entertainers in Oracle of Seasons. ,TRUE,no_race,review,review,
Tula,Zora,Female,The Legend of Zelda: Breath of the Wild,2017,1,The Legend of Zelda: Breath of the Wild,Tula is a character in Breath of the Wild. ,TRUE,minimal_description,review,review,
Tulin,Rito,Male,The Legend of Zelda: Breath of the Wild,2017,1,The Legend of Zelda: Breath of the Wild,Tulin is a character in Breath of the Wild. ,TRUE,minimal_description,review,review,
Tutsuwa Nima,Sheikah,,The Legend of Zelda: Breath of the Wild,2017,1,The Legend of Zelda: Breath of the Wild,Tutsuwa Nima is a character in Breath of the Wild. ,FALSE,,review,review,
Uli,Human,Female,The Legend of Zelda: Twilight Princess,2006,1,The Legend of Zelda: Twilight Princess,Uli is a character in Twilight Princess. ,TRUE,minimal_description,review,review,
Unlucky Sailor,,,The Legend of Zelda: Oracle of Seasons,2001,1,The Legend of Zelda: Oracle of Seasons,The Unlucky Sailor is a character in Oracle of Seasons. ,TRUE,no_race,review,review,
Varke,Hylian,,The Legend of Zelda: Breath of the Wild,2017,1,The Legend of Zelda: Breath of the Wild,Varke is a character in Breath of the Wild. ,TRUE,minimal_description,review,review,
Venus,Fairy,Female,The Legend of Zelda: A Link to the Past,1992,1,The Legend of Zelda: A Link to the Past,Venus is a character in A Link to the Past. ,TRUE,minimal_description,review,review,
Victoria,Human,Female,Freshly-Picked Tingle's Rosy Rupeeland,2006,1,Freshly-Picked Tingle's Rosy Rupeeland,Victoria is a character in Freshly-Picked Tingle's Rosy Rupeeland. ,FALSE,,review,review,
Viscen,Hylian,Male,The Legend of Zelda: Majora's Mask,2000,1,The Legend of Zelda: Majora's Mask,Viscen is a character in Majora's Mask. ,TRUE,minimal_description,review,review,
Volcon,Goron,Male,The Legend of Zelda: Breath of the Wild,2017,1,The Legend of Zelda: Breath of the Wild,Volcon is a character in Breath of the Wild. ,TRUE,minimal_description,review,review,
Wadatsumi,Hylian,Male,The Legend of Zelda: Spirit Tracks,2009,1,The Legend of Zelda: Spirit Tracks,Wadatsumi is a character in Spirit Tracks. ,TRUE,minimal_description,review,review,
Waitress,,Female,Freshly-Picked Tingle's Rosy Rupeeland,2006,1,Freshly-Picked Tingle's Rosy Rupeeland,The Waitress is a character in Freshly-Picked Tingle's Rosy Rupeeland. ,TRUE,no_race,review,review,
Walrus,,Male,The Legend of Zelda: Link's Awakening,1993,1,The Legend of Zelda: Link's Awakening,The Walrus is a character in Link's Awakening. ,TRUE,no_race; minimal_description,review,review,
Walton,Korok,,The Legend of Zelda: Breath of the Wild,2017,1,The Legend of Zelda: Breath of the Wild,Walton is a character in Breath of the Wild. ,TRUE,minimal_description,review,review,
Wandering Merchant,Goron,Male,The Legend of Zelda: The Wind Waker,2003,1,The Legend of Zelda: The Wind Waker,Wandering Merchants are characters in The Wind Waker. ,FALSE,,review,review,
Waveblade,Hylian,Male,The Legend of Zelda: The Minish Cap,2005,1,The Legend of Zelda: The Minish Cap,Waveblade is a character in The Minish Cap. ,TRUE,minimal_description,review,review,
Wheaton,Hylian,Male,The Legend of Zelda: The Minish Cap,2005,1,The Legend of Zelda: The Minish Cap,Wheaton is a character in The Minish Cap. ,TRUE,minimal_description,review,review,
Willi,Human,Male,The Legend of Zelda: The Wind Waker,2003,1,The Legend of Zelda: The Wind Waker,Willi is a character in The Wind Waker. ,TRUE,minimal_description,review,review,
Wise One,Hylian,Female,The Legend of Zelda: Spirit Tracks,2009,1,The Legend of Zelda: Spirit Tracks,The Wise One is the village elder of Papuchia Village in Spirit Tracks. ,FALSE,,review,review,
Witch,,Female,The Legend of Zelda: A Link Between Worlds,2013,1,The Legend of Zelda: A Link Between Worlds,"The Witch, also known as Mapes in Lorule, is a character in A Link Between Worlds. ",TRUE,no_race,review,review,
Woman,Hylian,Female,The Legend of Zelda: A Link Between Worlds,2013,1,The Legend of Zelda: A Link Between Worlds,The Woman is a character in A Link Between Worlds. ,FALSE,,review,review,
Worten,Hylian,Male,The Legend of Zelda: Breath of the Wild,2017,1,The Legend of Zelda: Breath of the Wild,Worten is a character in Breath of the Wild. ,TRUE,minimal_description,review,review,
Yaido,Gerudo,Female,The Legend of Zelda: Breath of the Wild,2017,1,The Legend of Zelda: Breath of the Wild,Yaido is a character in Breath of the Wild. ,TRUE,minimal_description,review,review,
Yamori,Ninja,Male,Freshly-Picked Tingle's Rosy Rupeeland,2006,1,Freshly-Picked Tingle's Rosy Rupeeland,Yamori is a recurring character from the Tingle series. ,FALSE,,review,review,
Yefu,Anouki,Male,The Legend of Zelda: Spirit Tracks,2009,1,The Legend of Zelda: Spirit Tracks,Yefu is an Anouki in Spirit Tracks. He resides in Anouki Village in the Snow Realm. ,FALSE,,review,review,
Yeta,Yeti,Female,The Legend of Zelda: Twilight Princess,2006,1,The Legend of Zelda: Twilight Princess,Yeta is a character in Twilight Princess. ,TRUE,minimal_description,review,review,
Yeto,Yeti,Male,The Legend of Zelda: Twilight Princess,2006,1,The Legend of Zelda: Twilight Princess,Yeto is a character in Twilight Princess. ,TRUE,minimal_description,review,review,
Young Woman,Hylian,Female,The Legend of Zelda: A Link Between Worlds,2013,1,The Legend of Zelda: A Link Between Worlds,The Young Woman is a character in A Link Between Worlds. ,FALSE,,review,review,
Younger Racing Bro,Hylian,Male,The Legend of Zelda: A Link Between Worlds,2013,1,The Legend of Zelda: A Link Between Worlds,The Younger Racing Bro is a characters in A Link Between Worlds. ,FALSE,,review,review,
Yunobo,Goron,Male,The Legend of Zelda: Breath of the Wild,2017,1,The Legend of Zelda: Breath of the Wild,Yunobo is a character in Breath of the Wild. ,TRUE,minimal_description,review,review,
Zauz,Cobble,Male,The Legend of Zelda: Phantom Hourglass,2007,1,The Legend of Zelda: Phantom Hourglass,Zauz is a character in Phantom Hourglass. ,TRUE,minimal_description,review,review,
Ze Kasho,Sheikah,,The Legend of Zelda: Breath of the Wild,2017,1,The Legend of Zelda: Breath of the Wild,Ze Kasho is a character in Breath of the Wild. ,TRUE,minimal_description,review,review,
Zeffa,,Male,The Legend of Zelda: The Minish Cap,2005,1,The Legend of Zelda: The Minish Cap,Zeffa is a character in The Minish Cap. ,TRUE,no_race; minimal_description,review,review,
Zora Underling,,,The Legend of Zelda: A Link Between Worlds,2013,1,The Legend of Zelda: A Link Between Worlds,Zora Underling are attendants to Queen Oren in A Link Between Worlds. They are a special sort of Zora. ,TRUE,no_race,review,review,
Zorona,Hylian,,The Legend of Zelda: Breath of the Wild,2017,1,The Legend of Zelda: Breath of the Wild,Zorona is a character in Breath of the Wild. ,TRUE,minimal_description,review,review,
ZuZu,Human,Male,Freshly-Picked Tingle's Rosy Rupeeland,2006,1,Freshly-Picked Tingle's Rosy Rupeeland,ZuZu is a character in Freshly-Picked Tingle's Rosy Rupeeland. ,FALSE,,review,review,
Zubora,,Male,The Legend of Zelda: Majora's Mask,2000,1,The Legend of Zelda: Majora's Mask,Zubora is a character in Majora's Mask. ,TRUE,no_race; minimal_description,review,review,
Zumi,Hylian,,The Legend of Zelda: Breath of the Wild,2017,1,The Legend of Zelda: Breath of the Wild,Zumi is a character in Breath of the Wild. ,TRUE,minimal_description,review,review,
Zuna Kai,Sheikah,,The Legend of Zelda: Breath of the Wild,2017,1,The Legend of Zelda: Breath of the Wild,Zuna Kai is a character in Breath of the Wild. ,TRUE,minimal_description,review,review,
Zuta,Hylian,,The Legend of Zelda: Breath of the Wild,2017,1,The Legend of Zelda: Breath of the Wild,Zuta is a character in Breath of the Wild. ,TRUE,minimal_description,review,review,
Zyle,Hylian,Male,The Legend of Zelda: Breath of the Wild,2017,1,The Legend of Zelda: Breath of the Wild,Zyle is a character in Breath of the Wild. ,TRUE,minimal_description,review,review,
Link,Hylian,Male,The Legend of Zelda,1986,19,The Legend of Zelda; Zelda II: The Adventure of Link; The Legend of Zelda: A Link to the Past; The Legend of Zelda: Link's Awakening; The Legend of Zelda: Ocarina of Time; The Legend of Zelda: Majora's Mask; The Legend of Zelda: Oracle of Seasons; The Legend of Zelda: Oracle of Ages; The Legend of Zelda: Four Swords; The Legend of Zelda: The Wind Waker; The Legend of Zelda: Four Swords Adventures; The Legend of Zelda: The Minish Cap; The Legend of Zelda: Twilight Princess; The Legend of Zelda: Phantom Hourglass; The Legend of Zelda: Spirit Tracks; The Legend of Zelda: Skyward Sword; The Legend of Zelda: A Link Between Worlds; The Legend of Zelda: Tri Force Heroes; The Legend of Zelda: Breath of the Wild,"Link is the name shared by the main protagonists of The Legend of Zelda series. There are many incarnations of Link, each possessing the spirit of the",FALSE,,no,no,
Moblin,,,The Legend of Zelda,1986,13,The Legend of Zelda; Zelda II: The Adventure of Link; The Legend of Zelda: A Link to the Past; The Legend of Zelda: Link's Awakening; The Legend of Zelda: Ocarina of Time; The Legend of Zelda: Oracle of Seasons; The Legend of Zelda: Oracle of Ages; The Legend of Zelda: Four Swords; The Legend of Zelda: The Wind Waker; The Legend of Zelda: The Minish Cap; The Legend of Zelda: Skyward Sword; The Legend of Zelda: A Link Between Worlds; The Legend of Zelda: Breath of the Wild,"Moblins are recurring Enemies in The Legend of Zelda series. They are among the most common enemies throughout the series, having appeared in the majo",TRUE,no_race_but_recurring; likely_enemy; likely_item,no,no,
Gibdo,,,The Legend of Zelda,1986,12,The Legend of Zelda; The Legend of Zelda: A Link to the Past; The Legend of Zelda: Link's Awakening; The Legend of Zelda: Ocarina of Time; The Legend of Zelda: Majora's Mask; The Legend of Zelda: Oracle of Seasons; The Legend of Zelda: Oracle of Ages; The Legend of Zelda: Four Swords; The Legend of Zelda: The Minish Cap; The Legend of Zelda: Twilight Princess; The Legend of Zelda: A Link Between Worlds; The Legend of Zelda: Tri Force Heroes,Gibdos are recurring Enemies in The Legend of Zelda series. ,TRUE,no_race_but_recurring; likely_enemy,no,no,
Ghini,,,The Legend of Zelda,1986,9,The Legend of Zelda; The Legend of Zelda: Link's Awakening; The Legend of Zelda: Oracle of Seasons; The Legend of Zelda: Oracle of Ages; The Legend of Zelda: Four Swords; The Legend of Zelda: Four Swords Adventures; The Legend of Zelda: The Minish Cap; The Legend of Zelda: A Link Between Worlds; The Legend of Zelda: Tri Force Heroes,"Ghini,  also known as Light Ghini, are recurring Enemies in The Legend of Zelda series.  ",TRUE,no_race_but_recurring; likely_enemy,no,no,
Great Fairy,Fairy,Female,The Legend of Zelda,1986,9,The Legend of Zelda; The Legend of Zelda: A Link to the Past; The Legend of Zelda: Link's Awakening; The Legend of Zelda: Oracle of Seasons; The Legend of Zelda: Oracle of Ages; The Legend of Zelda: The Wind Waker; The Legend of Zelda: Four Swords Adventures; The Legend of Zelda: Twilight Princess; The Legend of Zelda: A Link Between Worlds,"Great Fairies, also known as Guardian Spirits, are recurring characters in The Legend of Zelda series. They are large humanoid Fairies. Their main pur",FALSE,,no,no,
Sage,Various,,Zelda II: The Adventure of Link,1987,9,Zelda II: The Adventure of Link; The Legend of Zelda: A Link to the Past; The Legend of Zelda: Ocarina of Time; The Legend of Zelda: The Wind Waker; The Legend of Zelda: Twilight Princess; The Legend of Zelda: Phantom Hourglass; The Legend of Zelda: Spirit Tracks; The Legend of Zelda: A Link Between Worlds; The Legend of Zelda: Breath of the Wild,"Sages are recurring characters in The Legend of Zelda series. Serving as a bridge between the Sacred Realm and Hyrule, guarding the Master Sword's pow",TRUE,generic_name; generic_role,no,no,
Letter,,,The Legend of Zelda,1986,8,The Legend of Zelda; The Legend of Zelda: Link's Awakening; The Legend of Zelda: Ocarina of Time; The Legend of Zelda: The Wind Waker; The Legend of Zelda: Four Swords Adventures; The Legend of Zelda: Twilight Princess; The Legend of Zelda: Phantom Hourglass; The Legend of Zelda: Spirit Tracks,Letters are recurring items and objects in The Legend of Zelda series. They are the most common means of long-distance communication between character,TRUE,generic_name; no_race_but_recurring; likely_item,no,no,
Deku Scrub,,,The Legend of Zelda: Ocarina of Time,1998,7,The Legend of Zelda: Ocarina of Time; The Legend of Zelda: Majora's Mask; The Legend of Zelda: Oracle of Seasons; The Legend of Zelda: Oracle of Ages; The Legend of Zelda: Four Swords Adventures; The Legend of Zelda: The Minish Cap; The Legend of Zelda: Tri Force Heroes,"Deku Scrubs are a recurring tribe in The Legend of Zelda series. They are small forest creatures as well as enemies that inhabit Hyrule, Termina, and ",TRUE,no_race_but_recurring; likely_enemy,no,no,
Hinox,,,The Legend of Zelda: A Link to the Past,1992,7,The Legend of Zelda: A Link to the Past; The Legend of Zelda: Link's Awakening; The Legend of Zelda: Four Swords Adventures; The Legend of Zelda: Phantom Hourglass; The Legend of Zelda: A Link Between Worlds; The Legend of Zelda: Tri Force Heroes; The Legend of Zelda: Breath of the Wild,"Hinox are recurring enemies and Sub-Bosses in The Legend of Zelda series. They are Cyclops-like ogres that have an affinity for Bombs, and commonly us",TRUE,no_race_but_recurring; likely_enemy; likely_item,no,no,
Soldier,,,The Legend of Zelda: A Link to the Past,1992,7,The Legend of Zelda: A Link to the Past; The Legend of Zelda: Ocarina of Time; The Legend of Zelda: Majora's Mask; The Legend of Zelda: Four Swords Adventures; The Legend of Zelda: Twilight Princess; The Legend of Zelda: A Link Between Worlds; The Legend of Zelda: Breath of the Wild,"Soldiers, also known as Hylian Soldiers, and Hyrulean Soldiers, are the recurring group of warriors, law enforcers, and protectors in The Legend of Ze",TRUE,generic_name; generic_role; no_race_but_recurring,no,no,
Eyegore,,,The Legend of Zelda: A Link to the Past,1992,6,The Legend of Zelda: A Link to the Past; The Legend of Zelda: Majora's Mask; The Legend of Zelda: Four Swords; The Legend of Zelda: Four Swords Adventures; The Legend of Zelda: The Minish Cap; The Legend of Zelda: A Link Between Worlds,"Eyegores, also known as Eyegore Statues and One-Eyed Stone Statues, are recurring Enemies in The Legend of Zelda series. They are large, Cyclops-like ",TRUE,no_race_but_recurring; likely_enemy; likely_item,no,no,
Knight of Hyrule,,,Zelda II: The Adventure of Link,1987,6,Zelda II: The Adventure of Link; The Legend of Zelda: A Link to the Past; The Legend of Zelda: Ocarina of Time; The Legend of Zelda: Oracle of Seasons; The Legend of Zelda: Four Swords Adventures; The Legend of Zelda: Breath of the Wild,"The Knights of Hyrule, also known as Hylian Knights, are a recurring group of characters in The Legend of Zelda series. They are the protectors of the",TRUE,no_race_but_recurring; likely_item,no,no,
Sign,,,The Legend of Zelda: A Link to the Past,1992,6,The Legend of Zelda: A Link to the Past; The Legend of Zelda: Link's Awakening; The Legend of Zelda: Ocarina of Time; The Legend of Zelda: Majora's Mask; The Legend of Zelda: The Minish Cap; The Legend of Zelda: Spirit Tracks,"Signs, also known as Signposts, are recurring Objects in The Legend of Zelda series. Signs go unnamed in Majora's Mask 3D, The Wind Waker, and Twiligh",TRUE,generic_name; no_race_but_recurring,no,no,
Monkey,,,The Legend of Zelda: A Link to the Past,1992,5,The Legend of Zelda: A Link to the Past; The Legend of Zelda: Link's Awakening; The Legend of Zelda: Majora's Mask; The Legend of Zelda: Oracle of Ages; The Legend of Zelda: Twilight Princess,Monkeys are a recurring species in The Legend of Zelda series. ,TRUE,generic_name; no_race_but_recurring; likely_enemy,no,no,
Darknut,,,The Legend of Zelda: Link's Awakening,1993,4,The Legend of Zelda: Link's Awakening; The Legend of Zelda: Four Swords; The Legend of Zelda: The Wind Waker; The Legend of Zelda: Twilight Princess,Darknuts are recurring enemies and Sub-Bosses in The Legend of Zelda series. ,TRUE,no_race_but_recurring; likely_enemy,no,no,
Eagle,,,The Legend of Zelda,1986,4,The Legend of Zelda; Zelda II: The Adventure of Link; The Legend of Zelda: Link's Awakening; The Legend of Zelda: Breath of the Wild,Eagles are a recurring species in The Legend of Zelda series. ,TRUE,generic_name; no_race_but_recurring; likely_enemy,no,no,
Lizalfos,,,The Legend of Zelda: Ocarina of Time,1998,4,The Legend of Zelda: Ocarina of Time; The Legend of Zelda: Twilight Princess; The Legend of Zelda: Skyward Sword; The Legend of Zelda: Breath of the Wild,Lizalfos are recurring Enemies in The Legend of Zelda series. ,TRUE,no_race_but_recurring; likely_enemy,no,no,
Hero of Time,Hylian,Male,The Legend of Zelda: Ocarina of Time,1998,3,The Legend of Zelda: Ocarina of Time; The Legend of Zelda: Majora's Mask; The Legend of Zelda: Twilight Princess,"The Hero of Time is the title given to the Link who appears in Ocarina of Time, Majora's Mask and later in Twilight Princess as the Ancient Hero. Link",FALSE,,no,no,
Iron Knuckle,,,Zelda II: The Adventure of Link,1987,3,Zelda II: The Adventure of Link; The Legend of Zelda: Ocarina of Time; The Legend of Zelda: Majora's Mask,Iron Knuckles are recurring Enemies in The Legend of Zelda series. ,TRUE,no_race_but_recurring; likely_enemy,no,no,
Lanmola,,,The Legend of Zelda,1986,3,The Legend of Zelda; The Legend of Zelda: A Link to the Past; The Legend of Zelda: Link's Awakening,"Lanmolas, also known as Red Lanmolas, are recurring enemies and Sub-Bosses in The Legend of Zelda series. They are fast and powerful centipedes. While",TRUE,no_race_but_recurring; likely_enemy,no,no,
Postmistress, ,Female ,The Legend of Zelda: Majora's Mask,2000,3,The Legend of Zelda: Majora's Mask; The Legend of Zelda: Phantom Hourglass; The Legend of Zelda: Spirit Tracks,"The Postmistress, also known as the Postmaster, is a recurring role in The Legend of Zelda series. ",TRUE,generic_role; no_race_but_recurring,no,no,
Shadow Link, ,Male,The Legend of Zelda: Four Swords Adventures,2004,3,The Legend of Zelda: Four Swords Adventures; The Legend of Zelda: A Link Between Worlds; The Legend of Zelda: Tri Force Heroes,Shadow Links are recurring enemies and Sub-Bosses in The Legend of Zelda series. Shadow Link is dark reflection of Link. Hyrule Historia states that t,TRUE,no_race_but_recurring,no,no,
Skull Kid,,,The Legend of Zelda: Ocarina of Time,1998,3,The Legend of Zelda: Ocarina of Time; The Legend of Zelda: Majora's Mask; The Legend of Zelda: Twilight Princess,Skull Kids are recurring creatures in The Legend of Zelda series. Navi implies that children who wander into the Lost Woods become Skull Kids. One fir,TRUE,no_race_but_recurring; likely_enemy; likely_item,no,no,
Tingle Siblings?,Hylian,Male,The Legend of Zelda: The Wind Waker,2003,3,The Legend of Zelda: The Wind Waker; The Legend of Zelda: Four Swords Adventures; The Legend of Zelda: The Minish Cap,"The Tingle Siblings? are a recurring group of characters in The Legend of Zelda series. They consist of Tingle, Ankle, Knuckle, and David Jr.. They pl",FALSE,,no,no,
Vaati, (after transforming),Male,The Legend of Zelda: Four Swords,2002,3,The Legend of Zelda: Four Swords; The Legend of Zelda: Four Swords Adventures; The Legend of Zelda: The Minish Cap,"Vaati is recurring Boss in The Legend of Zelda series. Much like Ganondorf, he appears in both humanoid and monstrous forms, although the former only ",FALSE,,no,no,
Angler Fish,,,The Legend of Zelda: Link's Awakening,1993,2,The Legend of Zelda: Link's Awakening; The Legend of Zelda: Oracle of Ages,The Angler Fish is a recurring Boss in The Legend of Zelda series. ,TRUE,no_race; likely_enemy,no,no,
Granny,Hylian,Female,The Legend of Zelda: Ocarina of Time,1998,2,The Legend of Zelda: Ocarina of Time; The Legend of Zelda: Majora's Mask,"Granny, also known as Anju's Grandmother, is a recurring character in The Legend of Zelda series. ",TRUE,generic_name; generic_role,no,no,
Great Moblin,Moblin,Male,The Legend of Zelda: Oracle of Seasons,2001,2,The Legend of Zelda: Oracle of Seasons; The Legend of Zelda: Oracle of Ages,The Great Moblin is a recurring Sub-Boss in The Legend of Zelda series. He is depicted as a large Moblin that leads a troop of smaller ones. ,FALSE,,no,no,
Gyorg,,,The Legend of Zelda: The Wind Waker,2003,2,The Legend of Zelda: The Wind Waker; The Legend of Zelda: Phantom Hourglass,Gyorgs are recurring Enemies in The Legend of Zelda series. ,TRUE,no_race; likely_enemy,no,no,
Keaton,,,The Legend of Zelda: Ocarina of Time,1998,2,The Legend of Zelda: Ocarina of Time; The Legend of Zelda: Majora's Mask,Keaton are a recurring race of fox-like creatures in The Legend of Zelda series. ,TRUE,generic_name; no_race; likely_enemy,no,no,
Lion,,,The Legend of Zelda,1986,2,The Legend of Zelda; The Legend of Zelda: The Wind Waker,Lions are a recurring species in The Legend of Zelda series. ,TRUE,generic_name; no_race; likely_enemy,no,no,
Mad Batter,,Male,The Legend of Zelda: A Link to the Past,1992,2,The Legend of Zelda: A Link to the Past; The Legend of Zelda: Link's Awakening,"The Mad Batter is a recurring character in The Legend of Zelda series. He sleeps in altars found in underground caves, and Link may awaken him by spri",TRUE,no_race,no,no,
Magical Sword,,,The Legend of Zelda,1986,2,The Legend of Zelda; Zelda II: The Adventure of Link,"The Magical Sword, also known as the Magic Sword, is a recurring sword in The Legend of Zelda series. The Magical Sword goes unnamed in Captain N: The",TRUE,no_race; likely_item,no,no,
Maiden, ,Female,The Legend of Zelda: A Link to the Past,1992,2,The Legend of Zelda: A Link to the Past; The Legend of Zelda: Four Swords Adventures,"The Maidens are a recurring group of seven young women, including Princess Zelda, in The Legend of Zelda series. In A Link to the Past, they are desce",TRUE,generic_name; generic_role; no_race; likely_item,no,no,
Old Woman,Hylian,Female,The Legend of Zelda,1986,2,The Legend of Zelda; Zelda II: The Adventure of Link,Old Women are recurring characters in The Legend of Zelda series. ,TRUE,generic_role,no,no,
Phantom,,,The Legend of Zelda: Phantom Hourglass,2007,2,The Legend of Zelda: Phantom Hourglass; The Legend of Zelda: Spirit Tracks,Phantoms are recurring Enemies in The Legend of Zelda series. They serve as guardians for the Temple of the Ocean King and the Tower of Spirits in Pha,TRUE,generic_name; no_race; likely_enemy,no,no,
Piratian,,,The Legend of Zelda: Oracle of Seasons,2001,2,The Legend of Zelda: Oracle of Seasons; The Legend of Zelda: Oracle of Ages,The Piratian are a recurring group of skeletal pirates in The Legend of Zelda series. ,TRUE,generic_name; no_race,no,no,
Player,,Male/Female,BS The Legend of Zelda,1995,2,BS The Legend of Zelda; BS The Legend of Zelda: Ancient Stone Tablets,"The Players are a pair of characters appearing in BS The Legend of Zelda and Ancient Stone Tablets, replacing Link as the central heroes of the two ga",TRUE,generic_name; generic_role; no_race,no,no,
Shopkeeper,,,The Legend of Zelda: Link's Awakening,1993,2,The Legend of Zelda: Link's Awakening; The Legend of Zelda: Four Swords Adventures,Shopkeepers are recurring characters in The Legend of Zelda series. ,TRUE,generic_role; no_race,no,no,
Skeleton,,,The Legend of Zelda: Ocarina of Time,1998,2,The Legend of Zelda: Ocarina of Time; The Legend of Zelda: Phantom Hourglass,"Skeletons, also known as Fallen Adventurers, are recurring Objects in The Legend of Zelda series. ",TRUE,generic_name; no_race,no,no,
Taros,,,The Legend of Zelda: A Link to the Past,1992,2,The Legend of Zelda: A Link to the Past; The Legend of Zelda: A Link Between Worlds,Taros are recurring Enemies in The Legend of Zelda series. They are bull-like soldiers with horned heads found in the Dark World in A Link to the Past,TRUE,no_race; likely_enemy,no,no,
White Sword,,,The Legend of Zelda,1986,2,The Legend of Zelda; The Legend of Zelda: The Minish Cap,"The White Sword is a recurring Sword in The Legend of Zelda series. Despite both Swords sharing the same name, the nature of the White Sword in The Mi",TRUE,no_race; likely_item,no,no,
Bully,,Male,The Legend of Zelda: A Link to the Past,1992,1,The Legend of Zelda: A Link to the Past,The Bully is a boy transformed into a monster due to the Dark World's magic in A Link to the Past. ,TRUE,no_race,no,no,
Captain Keeta,,,The Legend of Zelda: Majora's Mask,2000,1,The Legend of Zelda: Majora's Mask,"Captain Keeta, also known as Skull Keeta, is a mini-boss in Majora's Mask. ",TRUE,no_race; likely_enemy,no,no,
Captain Stalfos,Pirate,,Freshly-Picked Tingle's Rosy Rupeeland,2006,1,Freshly-Picked Tingle's Rosy Rupeeland,Captain Stalfos is a boss in Freshly-Picked Tingle's Rosy Rupeeland. He is the leader of the group of Pirates. In order for Tingle to join the pirate ,TRUE,likely_enemy,no,no,
Cawlin,Hylian,Male,The Legend of Zelda: Skyward Sword,2011,1,The Legend of Zelda: Skyward Sword,Cawlin is a character in Skyward Sword. ,TRUE,minimal_description,no,no,
Champion,,,The Legend of Zelda: Breath of the Wild,2017,1,The Legend of Zelda: Breath of the Wild,The Champions are a team of five chosen from the five races of Hyrule to battle against Calamity Ganon. Led by Princess Zelda with the Champion hero c,TRUE,generic_name; generic_role; no_race; likely_item,no,no,
Cobal,Mogma,Male,The Legend of Zelda: Skyward Sword,2011,1,The Legend of Zelda: Skyward Sword,Cobal is a character in Skyward Sword. ,TRUE,minimal_description,no,no,
Cubus Sisters,,,The Legend of Zelda: Phantom Hourglass,2007,1,The Legend of Zelda: Phantom Hourglass,The Cubus Sisters are characters and Bosses in Phantom Hourglass. ,TRUE,no_race; likely_enemy,no,no,
Decci,Deku Scrub,Unknown,The Legend of Zelda: Four Swords Adventures,2004,1,The Legend of Zelda: Four Swords Adventures,Decci is a character in Four Swords Adventures. ,TRUE,minimal_description,no,no,
Dekki,Deku Scrub,Male,The Legend of Zelda: Four Swords Adventures,2004,1,The Legend of Zelda: Four Swords Adventures,Dekki is a character in Four Swords Adventures. He is a Deku Scrub who makes his home in the Dark World. ,FALSE,,no,no,
Demise,Demon,Male,The Legend of Zelda: Skyward Sword,2011,1,The Legend of Zelda: Skyward Sword,"Demise is one of two primary antagonists in Skyward Sword, and serves as the Final Boss. Long ago, he and his horde of demons broke through a fissure ",FALSE,,no,no,
Deppi,Deku Scrub,Unknown,The Legend of Zelda: Four Swords Adventures,2004,1,The Legend of Zelda: Four Swords Adventures,Deppi is a character in Four Swords Adventures. It is a Deku Scrub who makes his home in the Forest of Light. ,FALSE,,no,no,
Dodoh,Hylian,Male,The Legend of Zelda: Skyward Sword,2011,1,The Legend of Zelda: Skyward Sword,Dodoh is a character in Skyward Sword. ,TRUE,minimal_description,no,no,
Dovos,Hylian,Male,The Legend of Zelda: Skyward Sword,2011,1,The Legend of Zelda: Skyward Sword,Dovos is a character in Skyward Sword. ,TRUE,minimal_description,no,no,
Eagus,Hylian,Male,The Legend of Zelda: Skyward Sword,2011,1,The Legend of Zelda: Skyward Sword,Eagus is a character in Skyward Sword. ,TRUE,minimal_description,no,no,
Engineer,,,Hyrule Warriors,2014,1,Hyrule Warriors,Engineers are characters in Hyrule Warriors. ,TRUE,generic_role; no_race; minimal_description,no,no,
Evil Eagle,,,The Legend of Zelda: Link's Awakening,1993,1,The Legend of Zelda: Link's Awakening,"The Evil Eagle is the eponymous Boss of the Eagle's Tower and the minion of the Grim Creeper, the mini-boss of the same dungeon, in Link's Awakening. ",TRUE,no_race; likely_enemy,no,no,
Fledge,Hylian,Male,The Legend of Zelda: Skyward Sword,2011,1,The Legend of Zelda: Skyward Sword,Fledge is a character in Skyward Sword. ,TRUE,minimal_description,no,no,
Forces,,,Hyrule Warriors,2014,1,Hyrule Warriors,"Forces are army faction groups in Hyrule Warriors. Each Force is tasked with combating the advances of enemy Forces, mainly by fighting and taking ove",TRUE,no_race; likely_enemy,no,no,
Goht,,,The Legend of Zelda: Majora's Mask,2000,1,The Legend of Zelda: Majora's Mask,Goht is the Boss of Snowhead Temple in Majora's Mask. It is a giant mechanical creature with resemblence to a goat or bull. It is not only the one who,TRUE,no_race; likely_enemy,no,no,
Golo,Goron,Male,The Legend of Zelda: Skyward Sword,2011,1,The Legend of Zelda: Skyward Sword,Golo is one of the few Gorons encountered in Skyward Sword. He is an assistant to the archaeologist Gorko and is researching the legend of the three d,FALSE,,no,no,
Gondo,Hylian,Male,The Legend of Zelda: Skyward Sword,2011,1,The Legend of Zelda: Skyward Sword,Gondo is a character in Skyward Sword. ,TRUE,minimal_description,no,no,
Gorko,Goron,Male,The Legend of Zelda: Skyward Sword,2011,1,The Legend of Zelda: Skyward Sword,"Gorko is a character in Skyward Sword. He is a traveling archaeologist Goron, who traverses the surface studying the history of the land and various d",FALSE,,no,no,
Goselle,Hylian,Female,The Legend of Zelda: Skyward Sword,2011,1,The Legend of Zelda: Skyward Sword,Goselle is a character in Skyward Sword. ,TRUE,minimal_description,no,no,
Grand Fairy,Fairy,Female,Freshly-Picked Tingle's Rosy Rupeeland,2006,1,Freshly-Picked Tingle's Rosy Rupeeland,"The Grand Fairy is a fairy who appears in Freshly-Picked Tingle's Rosy Rupeeland. She makes her home in the Third Continent's Fairy Garden, and can be",FALSE,,no,no,
Great Fairy of Flame,Great Fairy,Female,The Legend of Zelda: Four Swords,2002,1,The Legend of Zelda: Four Swords,The Great Fairy of Flame is a character in Four Swords. ,FALSE,,no,no,
Great Fairy of Ice,Great Fairy,Female,The Legend of Zelda: Four Swords,2002,1,The Legend of Zelda: Four Swords,The Great Fairy of Ice is a character in Four Swords. ,FALSE,,no,no,
Green Maiden,,Female,The Legend of Zelda: Four Swords Adventures,2004,1,The Legend of Zelda: Four Swords Adventures,The Green Maiden is a character in Four Swords Adventures. ,TRUE,no_race; likely_item,no,no,
Guld,Mogma,Male,The Legend of Zelda: Skyward Sword,2011,1,The Legend of Zelda: Skyward Sword,Guld is a character in Skyward Sword. ,TRUE,minimal_description,no,no,
Gully,Hylian,Male,The Legend of Zelda: Skyward Sword,2011,1,The Legend of Zelda: Skyward Sword,Gully is a character in Skyward Sword. ,TRUE,minimal_description,no,no,
Gyorg Pair,,Female (red),The Legend of Zelda: The Minish Cap,2005,1,The Legend of Zelda: The Minish Cap,"The Gyorg Pair is the collective name given to the Gyorg Female and Gyorg Male, the Bosses of the Palace of Winds in The Minish Cap. ",TRUE,no_race,no,no,
Harlequin,,,Link: The Faces of Evil,1993,1,Link: The Faces of Evil,"Harlequin is the second boss in The Faces of Evil. He is located at the Harlequin Bazaar, and is encountered again at the Lupay area. ",TRUE,no_race; likely_enemy,no,no,
Hero of Men,Hylian,,The Legend of Zelda: The Minish Cap,2005,1,The Legend of Zelda: The Minish Cap,The Hero of Men is the name associated with a great hero spoken of in the legends of the Picori Blade and the mythical Light Force in the land of King,TRUE,likely_enemy,no,no,
Horg,Hylian,Male,The Legend of Zelda: Skyward Sword,2011,1,The Legend of Zelda: Skyward Sword,Horg is a character in Skyward Sword. ,TRUE,minimal_description,no,no,
Horwell,Hylian,Male,The Legend of Zelda: Skyward Sword,2011,1,The Legend of Zelda: Skyward Sword,Horwell is a character in Skyward Sword. ,TRUE,minimal_description,no,no,
Igos du Ikana,Stalfos,Male,The Legend of Zelda: Majora's Mask,2000,1,The Legend of Zelda: Majora's Mask,Igos du Ikana is a miniboss in Majora's Mask. ,TRUE,minimal_description,no,no,
Item Trader,Goriya,Male,The Legend of Zelda: Link's Awakening,1993,1,The Legend of Zelda: Link's Awakening,The Item Trader is a character in Link's Awakening. ,FALSE,,no,no,
Jakamar,Hylian,Male,The Legend of Zelda: Skyward Sword,2011,1,The Legend of Zelda: Skyward Sword,Jakamar is a character in Skyward Sword. ,TRUE,minimal_description,no,no,
Jellyf,Parella,Female,The Legend of Zelda: Skyward Sword,2011,1,The Legend of Zelda: Skyward Sword,Jellyf is a character in Skyward Sword. ,TRUE,minimal_description,no,no,
Joyous Volunteer Association,,,The Legend of Zelda: The Wind Waker,2003,1,The Legend of Zelda: The Wind Waker,The Joyous Volunteer Association is a group in The Wind Waker whose objective is to decorate Windfall Island with decorative items in order to make th,TRUE,no_race; likely_item,no,no,
Karane,Hylian,Female,The Legend of Zelda: Skyward Sword,2011,1,The Legend of Zelda: Skyward Sword,Karane is a character in Skyward Sword. ,TRUE,minimal_description,no,no,
Keet,Hylian,Male,The Legend of Zelda: Skyward Sword,2011,1,The Legend of Zelda: Skyward Sword,Keet is a character in Skyward Sword. ,TRUE,minimal_description,no,no,
Kholdstare,,,The Legend of Zelda: A Link to the Past,1992,1,The Legend of Zelda: A Link to the Past,"Kholdstare is the Boss of the Ice Palace, the fifth dungeon of the Dark World in A Link to the Past. ",TRUE,no_race; likely_enemy,no,no,
King Bulblin,Bulblin,Male,The Legend of Zelda: Twilight Princess,2006,1,The Legend of Zelda: Twilight Princess,King Bulblin is a recurring boss in Twilight Princess. ,FALSE,,no,no,
Kortz,Mogma,Male,The Legend of Zelda: Skyward Sword,2011,1,The Legend of Zelda: Skyward Sword,Kortz is a character in Skyward Sword. ,TRUE,minimal_description,no,no,
Kukiel,Hylian,Female,The Legend of Zelda: Skyward Sword,2011,1,The Legend of Zelda: Skyward Sword,Kukiel is a character in Skyward Sword. She lives in Skyloft and is the daughter of Wryna and Jakamar. Kukiel is Batreaux's only friend and the only p,FALSE,,no,no,
Lakeside Item Seller,Hylian,Male,The Legend of Zelda: A Link Between Worlds,2013,1,The Legend of Zelda: A Link Between Worlds,"The Lakeside Item Seller is a character in A Link Between Worlds. It is the name of two characters in Hyrule and Lorule, both who run shops near their",FALSE,,no,no,
Lana,Hylian,Female,Hyrule Warriors,2014,1,Hyrule Warriors,Lana is a playable Warrior in Hyrule Warriors. She is a sorceress with light-blue hair armed with a book of magic that she uses to cast barriers to di,FALSE,,no,no,
Ledd,Mogma,Male,The Legend of Zelda: Skyward Sword,2011,1,The Legend of Zelda: Skyward Sword,Ledd is a character in Skyward Sword. ,TRUE,minimal_description,no,no,
Linebeck III,Hylian,Male,The Legend of Zelda: Spirit Tracks,2009,1,The Legend of Zelda: Spirit Tracks,"Linebeck III is a character in Spirit Tracks. He is the grandson of Linebeck and the owner of the Linebeck Trading Company, operating at a location ca",FALSE,,no,no,
Linkle,Hylian,Female,Hyrule Warriors Legends,2016,1,Hyrule Warriors Legends,Linkle is a playable Warrior in Hyrule Warriors Legends. She can be transferred over to Hyrule Warriors as well. She wields dual Crossbows as her weap,FALSE,,no,no,
Lopsa,Kikwi,Male,The Legend of Zelda: Skyward Sword,2011,1,The Legend of Zelda: Skyward Sword,Lopsa is a character in Skyward Sword. ,TRUE,minimal_description,no,no,
Lord Bullbo,Bullbo,,The Legend of Zelda: Twilight Princess,2006,1,The Legend of Zelda: Twilight Princess,Lord Bullbo is a recurring mini-boss and character in The Legend of Zelda series. It is King Bulblin's gigantic armored Bullbo steed who appears along,TRUE,likely_enemy,no,no,
Lorule Soldier,,,The Legend of Zelda: A Link Between Worlds,2013,1,The Legend of Zelda: A Link Between Worlds,Lorule Soldiers are enemies that appear in A Link Between Worlds. They are the Lorulean counterpart to the Soldiers found dutifully protecting Hyrule ,TRUE,no_race; likely_enemy,no,no,
Luv,Hylian,Female,The Legend of Zelda: Skyward Sword,2011,1,The Legend of Zelda: Skyward Sword,Luv is a character in Skyward Sword. ,TRUE,minimal_description,no,no,
Machi,Kikwi,Male,The Legend of Zelda: Skyward Sword,2011,1,The Legend of Zelda: Skyward Sword,Machi is a character in Skyward Sword. ,TRUE,minimal_description,no,no,
Mage,,,The Legend of Zelda: Four Swords Adventures,2004,1,The Legend of Zelda: Four Swords Adventures,The Mages are cloaked women that vocally support Vaati in Four Swords Adventures. They occasionally reward Link and thank him for freeing Vaati. ,TRUE,no_race; likely_item,no,no,
Maiamai,,,The Legend of Zelda: A Link Between Worlds,2013,1,The Legend of Zelda: A Link Between Worlds,"Maiamai are a jointly snail and squid-like species that appear in A Link Between Worlds. The Lost Maiamai are the children of Mother Maiamai, scattere",TRUE,no_race; likely_enemy,no,no,
Mallara,Hylian,Female,The Legend of Zelda: Skyward Sword,2011,1,The Legend of Zelda: Skyward Sword,Mallara is a character in Skyward Sword. ,TRUE,minimal_description,no,no,
Merco,Mogma,Male,The Legend of Zelda: Skyward Sword,2011,1,The Legend of Zelda: Skyward Sword,Merco is a character in Skyward Sword. ,TRUE,minimal_description,no,no,
Mia,,Female,The Legend of Zelda: Skyward Sword,2011,1,The Legend of Zelda: Skyward Sword,Mia is a beige Remlit belonging to Zelda and Gaepora in Skyward Sword. ,TRUE,no_race; likely_item,no,no,
Monster Lady,Bow Moblin,Female,The Legend of Zelda: The Minish Cap,2005,1,The Legend of Zelda: The Minish Cap,The Monster Lady is a character in The Minish Cap. ,FALSE,,no,no,
Nackle,Mogma,Male,The Legend of Zelda: Skyward Sword,2011,1,The Legend of Zelda: Skyward Sword,Nackle is a character in Skyward Sword. ,TRUE,minimal_description,no,no,
Nightmare,,,The Legend of Zelda: Link's Awakening,1993,1,The Legend of Zelda: Link's Awakening,The Nightmares are the main antagonists of Link's Awakening. They are monsters that invaded the Wind Fish's dream world of Koholint. They seek to rule,TRUE,no_race; likely_enemy,no,no,
Old Man Ho Ho,,Male,The Legend of Zelda: The Wind Waker,2003,1,The Legend of Zelda: The Wind Waker,Old Man Ho Ho is a man who can be found in many islands of the Great Sea in The Wind Waker. ,TRUE,no_race; likely_item,no,no,
Old Timer,Human,Male,The Legend of Zelda: Four Swords Adventures,2004,1,The Legend of Zelda: Four Swords Adventures,The Old Timer is an old man who lives in Kakariko Village in Four Swords Adventures. ,FALSE,,no,no,
Ooccoo,Oocca,Female,The Legend of Zelda: Twilight Princess,2006,1,The Legend of Zelda: Twilight Princess,Ooccoo is a character and an item in Twilight Princess. ,FALSE,,no,no,
Orielle,,Female,The Legend of Zelda: Skyward Sword,2011,1,The Legend of Zelda: Skyward Sword,Orielle is a character in Skyward Sword. ,TRUE,no_race; likely_item; minimal_description,no,no,
Parrow,Hylian,Male,The Legend of Zelda: Skyward Sword,2011,1,The Legend of Zelda: Skyward Sword,Parrow is a character in Skyward Sword. ,TRUE,minimal_description,no,no,
Peatrice,Hylian,Female,The Legend of Zelda: Skyward Sword,2011,1,The Legend of Zelda: Skyward Sword,"Peatrice is a character in Skyward Sword. She runs the Item Check storage facility in the Skyloft Bazaar, where Link can store his Adventure Pouch ite",FALSE,,no,no,
Pinkle,Fairy,Female,Freshly-Picked Tingle's Rosy Rupeeland,2006,1,Freshly-Picked Tingle's Rosy Rupeeland,"Pinkle is a Fairy in Freshly-Picked Tingle's Rosy Rupeeland. She is Tingle's Fairy assistant, and gives him advice throughout his adventure. She commu",FALSE,,no,no,
Piper,Hylian,Female,The Legend of Zelda: Skyward Sword,2011,1,The Legend of Zelda: Skyward Sword,Piper is a character in Skyward Sword. ,TRUE,minimal_description,no,no,
Pipit,Hylian,Male,The Legend of Zelda: Skyward Sword,2011,1,The Legend of Zelda: Skyward Sword,Pipit is a character featured in Skyward Sword. He is the resident bird expert of Skyloft and an acquaintance of Link. He is a senior student at the K,FALSE,,no,no,
Plats,Mogma,Male,The Legend of Zelda: Skyward Sword,2011,1,The Legend of Zelda: Skyward Sword,Plats is a character in Skyward Sword. ,TRUE,minimal_description,no,no,
Possessed Nayru,,,The Legend of Zelda: Oracle of Ages,2001,1,The Legend of Zelda: Oracle of Ages,Possessed Nayru is a Boss in Oracle of Ages. ,TRUE,no_race; likely_enemy; minimal_description,no,no,
Pumm,Hylian,Male,The Legend of Zelda: Skyward Sword,2011,1,The Legend of Zelda: Skyward Sword,Pumm is a character in Skyward Sword. ,TRUE,minimal_description,no,no,
Ravio,,Male,The Legend of Zelda: A Link Between Worlds,2013,1,The Legend of Zelda: A Link Between Worlds,"Ravio is a character in A Link Between Worlds. Originally a resident of the kingdom of Lorule, he spends a vast majority of the game posing as a simpl",TRUE,no_race; likely_item,no,no,
Receptionist,Human,Female,The Legend of Zelda: Majora's Mask,2000,1,The Legend of Zelda: Majora's Mask,The Receptionist is a character in Majora's Mask. ,TRUE,generic_role,no,no,
Red Knight,,,The Legend of Zelda: Four Swords Adventures,2004,1,The Legend of Zelda: Four Swords Adventures,The Red Knight is a character in Four Swords Adventures. ,TRUE,no_race; likely_item,no,no,
Rescue Knight,,,The Legend of Zelda: Skyward Sword,2011,1,The Legend of Zelda: Skyward Sword,"The Rescue Knights are a group that appears in Skyward Sword. The appear at the beginning of the Wing Ceremony, trailing colored smoke behind them. ",TRUE,no_race; likely_item,no,no,
Runaway Item Seller,Hylian,Male,The Legend of Zelda: A Link Between Worlds,2013,1,The Legend of Zelda: A Link Between Worlds,The Runaway Item Seller is a character in A Link Between Worlds. ,FALSE,,no,no,
Rupin,Hylian,Male,The Legend of Zelda: Skyward Sword,2011,1,The Legend of Zelda: Skyward Sword,Rupin is a character in Skyward Sword. ,TRUE,minimal_description,no,no,
Rusta,Hylian,Male,The Legend of Zelda: Skyward Sword,2011,1,The Legend of Zelda: Skyward Sword,"Rusta is a character in Skyward Sword that resides in Skyloft. He is married to Henya, the school cook at the Knight Academy. ",FALSE,,no,no,
Secret Agent Four,,,The Legend of Zelda: Four Swords Adventures,2004,1,The Legend of Zelda: Four Swords Adventures,The Secret Agent Four is a character in Four Swords Adventures. ,TRUE,no_race; likely_item,no,no,
Secret Agent One,,,The Legend of Zelda: Four Swords Adventures,2004,1,The Legend of Zelda: Four Swords Adventures,The Secret Agent One is a character in Four Swords Adventures. ,TRUE,no_race; likely_item,no,no,
Secret Agent Two,,,The Legend of Zelda: Four Swords Adventures,2004,1,The Legend of Zelda: Four Swords Adventures,The Secret Agent Two is a character in Four Swords Adventures. ,TRUE,no_race; likely_item,no,no,
Sheerow,,Male,The Legend of Zelda: A Link Between Worlds,2013,1,The Legend of Zelda: A Link Between Worlds,"Sheerow is Ravio's companion in A Link Between Worlds. It is an intelligent bird-like creature that is incapable of speech, but is able to communicate",TRUE,no_race,no,no,
Silva,Mogma,Male,The Legend of Zelda: Skyward Sword,2011,1,The Legend of Zelda: Skyward Sword,Silva is a character in Skyward Sword. ,TRUE,minimal_description,no,no,
Sparrot,Hylian,Male,The Legend of Zelda: Skyward Sword,2011,1,The Legend of Zelda: Skyward Sword,Sparrot is the Fortune Teller in the Skyloft Bazaar in Skyward Sword. ,FALSE,,no,no,
Subrosian Smelter,Subrosian,,The Legend of Zelda: Oracle of Seasons,2001,1,The Legend of Zelda: Oracle of Seasons,The Subrosian Smelter is a character in Oracle of Seasons. They blow up the obstruction which blocks the Tower of Autumn. If Link can get them Red Ore,FALSE,,no,no,
Sweetie and Boyfriend,Human,Female,The Legend of Zelda: Four Swords Adventures,2004,1,The Legend of Zelda: Four Swords Adventures,Sweetie is a character in Four Swords Adventures. ,FALSE,,no,no,
Tyto,Mogma,Male,The Legend of Zelda: Skyward Sword,2011,1,The Legend of Zelda: Skyward Sword,Tyto is a character in Skyward Sword. ,TRUE,minimal_description,no,no,
Volvagia,,,The Legend of Zelda: Ocarina of Time,1998,1,The Legend of Zelda: Ocarina of Time,Volvagia is the Boss of the Fire Temple in Ocarina of Time. ,TRUE,no_race; likely_enemy,no,no,
White Maiden,,Female,The Legend of Zelda: Four Swords Adventures,2004,1,The Legend of Zelda: Four Swords Adventures,The White Maiden is a character in Four Swords Adventures. ,TRUE,no_race; likely_item,no,no,
Wryna,Hylian,Female,The Legend of Zelda: Skyward Sword,2011,1,The Legend of Zelda: Skyward Sword,Wryna is a character in Skyward Sword who lives in Skyloft. She is the wife of Jakamar and the mother of Kukiel. ,FALSE,,no,no,
Yerbal,Kikwi,Male,The Legend of Zelda: Skyward Sword,2011,1,The Legend of Zelda: Skyward Sword,Yerbal is a character in Skyward Sword. ,TRUE,minimal_description,no,no,
Yook,,,The Legend of Zelda: Phantom Hourglass,2007,1,The Legend of Zelda: Phantom Hourglass,"The Yook are a hairy, club-wielding species who live on the Isle of Frost in Phantom Hourglass. ",TRUE,no_race; likely_enemy,no,no,
Zanc,Mogma,Male,The Legend of Zelda: Skyward Sword,2011,1,The Legend of Zelda: Skyward Sword,Zanc is a character in Skyward Sword. ,TRUE,minimal_description,no,no,
Buriki,Robot,,,,0,,Buriki is a recurring character in The Legend of Zelda series. Buriki goes unnamed in Too Much Tingle Pack. ,TRUE,no_games,no,no,
Cadence,Human,Female,,,0,,Cadence is one of the main protagonists in Cadence of Hyrule. ,TRUE,no_games,no,no,
Captain Krin,Hylian,,,,0,,Captain Krin is a character featured in the The Legend of Zelda comics by Valiant Comics published by Valiant Comics. He is the soldier captain at the,TRUE,no_games,no,no,
Cassiopia,,Female,,,0,,Cassiopia is a character in The Legend of Zelda comics by Valiant Comics. ,TRUE,no_games; no_race,no,no,
Charles of Moria,Hylian,Male,,,0,,"Charles of Moria, also known as Sir Charles, is one of the main characters featured in The Shadow Prince. As his name suggests, he is a knight from th",TRUE,no_games,no,no,
Corn Boy,Doll,,,,0,,"Corn Boy is a character found in Ripened Tingle's Balloon Trip of Love. Corn Boy is found on Page 3, and lives in a small farmhouse with Peter and his",TRUE,no_games,no,no,
Cyclos,,,,,0,,Cyclos is a character in The Wind Waker. ,TRUE,no_games; no_race; minimal_description,no,no,
Dako Tah,,,,,0,,Dako Tah may refer to: ,TRUE,no_games; no_race; minimal_description,no,no,
Daqa Koh,,,,,0,,Daqa Koh may refer to: ,TRUE,no_games; no_race; minimal_description,no,no,
Daqo Chisay,,,,,0,,Daqo Chisay may refer to: ,TRUE,no_games; no_race; minimal_description,no,no,
Darknut Prime,Darknut,,,,0,,Darknut Prime is an enemy character from The Legend of Zelda comics by Valiant Comics published by Valiant Comics. He is the apparent leader of the Da,TRUE,no_games; likely_enemy,no,no,
Darpa,Hylian,Male,,,0,,Darpa is a character in the Twilight Princess manga by Akira Himekawa. ,TRUE,no_games,no,no,
Deku Royal Family,,,,,0,,The Deku Royal Family is the presiding body of the Deku Kingdom that appears in Majora's Mask. ,TRUE,no_games; no_race,no,no,
Din,,,,,0,,Din is the name of two different people in the Zelda universe ,TRUE,no_games; no_race,no,no,
Doof,Hylian,Male,,,0,,"Doof is a character featured in the ""Hitch in the Works"" episode of The Legend of Zelda TV series. He is North Castle's handyman and is known for his ",TRUE,no_games,no,no,
Drona,,,,,0,,Drona may refer to: ,TRUE,no_games; no_race; minimal_description,no,no,
Dunba Taag,,,,,0,,Dunba Taag may refer to: ,TRUE,no_games; no_race; minimal_description,no,no,
Elrora,Watarara,,,,0,,Elrora is the tribal leader of the Watarara tribe that appears in the bonus chapter Rouru of the Watara in the Ocarina of Time manga by Akira Himekawa,TRUE,no_games,no,no,
Estragon,Hylian,Male,,,0,,Estragon is a character featured in The Crystal Trap who served as the mentor and teacher of Princess Zelda sometime in the past. ,TRUE,no_games,no,no,
Fado,,,,,0,,Fado may refer to any of the following characters: ,TRUE,no_games; no_race,no,no,
False Zelda,Shadow Bug,Female,,,0,,False Zelda is an enemy variant of Zelda who appears in Super Smash Bros. Brawl. ,TRUE,no_games,no,no,
Farore,,,,,0,,Farore is the name of two different people in the Zelda universe: ,TRUE,no_games; no_race,no,no,
Felicia,Fairy,Female,,,0,,Felicia is a Fairy that appeared in the Link's Awakening manga by Ataru Cagiva. ,TRUE,no_games,no,no,
Fighter,,,,,0,,"Fighters are recurring characters in The Legend of Zelda series, all originally from their own individual franchises. In Super Smash Bros., they are w",TRUE,generic_name; no_games; no_race,no,no,
Frederick,,,,,0,,Frederick is a character in Cadence of Hyrule. ,TRUE,no_games; no_race; minimal_description,no,no,
Frog Link,,Male,,,0,,"Frog Link is one of Link's transformations, featured in the ""Kiss'n Tell"" episode of The Legend of Zelda TV series. After Link defeats a Gleeok that w",TRUE,no_games; no_race; likely_item,no,no,
Geetchee,,Male,,,0,,"Geetchee is a character featured in The Crystal Trap. Described as a ""thin, scraggly, blue-furred creature,"" Geetchee is a mossunger who Princess Zeld",TRUE,no_games; no_race,no,no,
Ghanti,Hylian,Female,,,0,,"Ghanti is a character from the A Link to the Past manga by Akira Himekawa. She is an original creation of the authors, and plays a similar role to tha",TRUE,no_games,no,no,
Goronu,,,,,0,,The search term Goronu may refer to any of the following area or boss in The Faces of Evil. ,TRUE,no_games; no_race; likely_enemy,no,no,
Greenbeard,,Unknown,,,0,,Greenbeard is a character featured in The Crystal Trap. He is the spirit of the trees and woods and serves as the guardian of the Forest. Although his,TRUE,no_games; no_race; likely_item,no,no,
Guardian Deity,,,,,0,,The Guardian Deities are characters in Majora's Mask. ,TRUE,no_games; no_race,no,no,
Ha Dahamar,,,,,0,,Ha Dahamar may refer to: ,TRUE,no_games; no_race; minimal_description,no,no,
Hila Rao,,,,,0,,Hila Rao may refer to: ,TRUE,no_games; no_race; minimal_description,no,no,
Hylia,,,,,0,,"Hylia , also known as The Goddess, and later Zelda, is a goddess featured in Skyward Sword. She is depicted throughout the world by both statues and i",TRUE,no_games; no_race; likely_item,no,no,
Ikana Royal Family,,,,,0,,"The Ikana Royal Family, also known as Ikana's Royal Family, was the ruling body of Ikana Kingdom in Majora's Mask. They once governed the Ikana region",TRUE,no_games; no_race,no,no,
Iona,Human,Female,,,0,,"Iona is a character in Ripened Tingle's Balloon Trip of Love, and one of Tingle's love interests. ",TRUE,no_games,no,no,
Ishto Soh,,,,,0,,Ishto Soh may refer to: ,TRUE,no_games; no_race; minimal_description,no,no,
Ja Baij,,,,,0,,Ja Baij may refer to: ,TRUE,no_games; no_race; minimal_description,no,no,
Jabun,,,,,0,,Jabun is a major character in The Wind Waker. He is thought to be a descendant of Jabu-Jabu. ,TRUE,no_games; no_race,no,no,
Jacob,Human,Male,,,0,,Jacob is a character in the Oracle of Ages manga by Akira Himekawa ,TRUE,no_games,no,no,
Jee Noh,,,,,0,,Jee Noh may refer to: ,TRUE,no_games; no_race; minimal_description,no,no,
Joloo Nah,,,,,0,,Joloo Nah may refer to: ,TRUE,no_games; no_race; minimal_description,no,no,
Jovan,,Male,,,0,,Jovan is a character who is introduced in the Oracle of Seasons manga by Akira Himekawa. He is a member of the Troupe of Traveling Performers along wi,TRUE,no_games; no_race,no,no,
Kah Okeo,,,,,0,,Kah Okeo may refer to: ,TRUE,no_games; no_race; minimal_description,no,no,
Kah Yah,,,,,0,,Kah Yah may refer to: ,TRUE,no_games; no_race; minimal_description,no,no,
Kakashi,Scarecrow,Male,,,0,,Kakashi is a character in Ripened Tingle's Balloon Trip of Love. ,TRUE,no_games,no,no,
Kam Urog,,,,,0,,Kam Urog may refer to: ,TRUE,no_games; no_race; minimal_description,no,no,
Kam Yatakh,,,,,0,,Kam Yatakh may refer to: ,TRUE,no_games; no_race; minimal_description,no,no,
Karuna,,Male,,,0,,Karuna is a powerful pig-like warrior that appears in the manga for Link's Awakening. ,TRUE,no_games; no_race,no,no,
Kay Noh,,,,,0,,Kay Noh may refer to: ,TRUE,no_games; no_race; minimal_description,no,no,
Kaya Wan,,,,,0,,Kaya Wan may refer to: ,TRUE,no_games; no_race; minimal_description,no,no,
Kayra Mah,,,,,0,,Kayra Mah may refer to: ,TRUE,no_games; no_race; minimal_description,no,no,
Kema Zoos,,,,,0,,Kema Zoos may refer to: ,TRUE,no_games; no_race; minimal_description,no,no,
Keo Ruug,,,,,0,,Keo Ruug may refer to: ,TRUE,no_games; no_race; minimal_description,no,no,
King Harkinian,Hylian,Male,,,0,,"King Harkinian is a recurring character in The Legend of Zelda series. In all his appearances, he is a King of Hyrule and father of Princess Zelda. He",TRUE,no_games,no,no,
King Oberon,Fairy,Male,,,0,,"King Oberon is a character featured in The Legend of Zelda TV series. He is the King of Fairies and has two daughters, Spryte and her sister. ",TRUE,no_games,no,no,
Levias,,,,,0,,"Levias, also known as The Great Spirit Levias, is a recurring character in The Legend of Zelda series. He is a wise, whale-like Sky Spirit who has ser",TRUE,no_games; no_race,no,no,
Liar,Usotami,,,,0,,Liar is character in Ripened Tingle's Balloon Trip of Love  and one of Tingle's love interests. ,TRUE,no_games,no,no,
Lonely Old Man,,Male,,,0,,|game= Four Swords Adventures |other=  |era=  |family=  |voiceactor=  |theme=  |counter=  }} The Lonely Old Man is a character in Four Swords Adventur,TRUE,no_games; no_race; likely_item,no,no,
Loveya,Cupid,,,,0,,"Loveya is a character in Ripened Tingle's Balloon Trip of Love. He first appears on Page 6, where he helps Tingle make a shortcut. After that, he offe",TRUE,no_games,no,no,
Lupay,,,,,0,,Lupay may refer to any of the following area or boss in The Faces of Evil. ,TRUE,no_games; no_race; likely_enemy,no,no,
Madame Grusha,Hylian,Female,,,0,,Madame Grusha is a character featured in The Crystal Trap. She is a Fortune Teller who resides in the Town of Ruto. ,TRUE,no_games,no,no,
Magic Bee,Bee,,,,0,,"Magic Bees are special bees featured in The Crystal Trap. Located in the Beekeeper's Hut, they belong to Conly and produce Magic Honey for him.  ",TRUE,no_games,no,no,
Majiyo,,Female,,,0,,Majiyo is the final Boss in Ripened Tingle's Balloon Trip of Love. ,TRUE,no_games; no_race,no,no,
Maka Rah,,,,,0,,Maka Rah may refer to: ,TRUE,no_games; no_race; minimal_description,no,no,
Mary,,,,,0,,Mary may refer to any of the following characters: ,TRUE,no_games; no_race,no,no,
Medilia,Hylian,Female,,,0,,Medilia is a character in the The Legend of Zelda comics by Valiant Comics published by Valiant Comics. She is the mother of Link and at least one you,TRUE,no_games,no,no,
Mellan,,,,,0,,Mellan is a character in Cadence of Hyrule. ,TRUE,no_games; no_race; minimal_description,no,no,
Miff,Fairy,Female,,,0,,Miff is a Fairy appearing in the The Legend of Zelda comics by Valiant Comics published by Valiant Comics. She seems to be modeled after the fairies t,TRUE,no_games,no,no,
Mii Brawler,,,,,0,,Mii Brawlers are recurring characters in The Legend of Zelda series. ,TRUE,no_games; no_race,no,no,
Mii Swordfighter,,,,,0,,Mii Swordfighter is a character in Super Smash Bros. Ultimate. ,TRUE,no_games; no_race; likely_item,no,no,
Militron,,,,,0,,The search term Militron may refer to any of the following area or boss in The Faces of Evil. ,TRUE,no_games; no_race; likely_enemy,no,no,
Mirro Shaz,,,,,0,,Mirro Shaz may refer to: ,TRUE,no_games; no_race; minimal_description,no,no,
Moblin Boss,Moblin,Male,,,0,,"The Moblin Boss is a character in The Shadow Prince. He is one of the first characters introduced in the book, appearing right after the introduction,",TRUE,no_games,no,no,
Monita,,,,,0,,Monita is the robotic host that guides the player throughout Nintendo Land. ,TRUE,no_games; no_race,no,no,
Myahm Agana,,,,,0,,Myahm Agana may refer to: ,TRUE,no_games; no_race; minimal_description,no,no,
Nayru,,,,,0,,Nayru is the name of two different people in the Zelda universe: ,TRUE,no_games; no_race,no,no,
Octavo,,Male,,,0,,Octavo is a boss and playable character in Cadence of Hyrule. ,TRUE,no_games; no_race,no,no,
Oman Au,,,,,0,,Oman Au may refer to: ,TRUE,no_games; no_race; minimal_description,no,no,
Osun,Hylian,Male,,,0,,Osun is a character who appears in the Majora's Mask manga by Akira Himekawa. He makes an appearance prior to when Link meets Skull Kid. Link makes a ,TRUE,no_games,no,no,
Owa Daim,,,,,0,,Owa Daim may refer to: ,TRUE,no_games; no_race; minimal_description,no,no,
Peter,Human,Male,,,0,,Peter is a character in Ripened Tingle's Balloon Trip of Love. ,TRUE,no_games,no,no,
Pink Fairy,Fairy,Female,,,0,,The Pink Fairy is a character featured in The Crystal Trap.  ,TRUE,no_games,no,no,
Prince,Zora,Male,,,0,,The Prince is a character in Cadence of Hyrule. ,TRUE,no_games; minimal_description,no,no,
Prince Facade,,Male,,,0,,"Prince Facade is a character in The Legend of Zelda TV series. He is a knight from the land of Arcadia and appears only in the episode ""The White Knig",TRUE,no_games; no_race; likely_item,no,no,
Puini,Horse,,,,0,,"Puini is Sir Raven's horse in the Oracle of Ages manga by Akira Himekawa. Although a minor character, it is instrumental in the defeating the sorceres",TRUE,no_games,no,no,
Qua Raym,,,,,0,,Qua Raym may refer to: ,TRUE,no_games; no_race; minimal_description,no,no,
Queen Seline,Hylian,,,,0,,Queen Seline is a character appearing in the The Legend of Zelda comics by Valiant Comics published by Valiant Comics. She is the monarch of the kingd,TRUE,no_games,no,no,
Ree Dahee,,,,,0,,Ree Dahee may refer to: ,TRUE,no_games; no_race; minimal_description,no,no,
Richard,,,,,0,,Richard may refer to any of the following: ,TRUE,no_games; no_race; minimal_description,no,no,
Rin Oyaa,,,,,0,,Rin Oyaa may refer to: ,TRUE,no_games; no_race; minimal_description,no,no,
Rioma,Hylian,Male,,,0,,Rioma is a character in the Twilight Princess manga by Akira Himekawa. ,TRUE,no_games,no,no,
Rishu,,Male,,,0,,Rishu is a character from the Oracle of Seasons manga by Akira Himekawa. ,TRUE,no_games; no_race,no,no,
Roam,Hylian,Male,,,0,,"Roam is a character featured in the A Link to the Past comic by Shotaro Ishinomori by Shotaro Ishinomori. Referred to in one of the chapters as ""The M",TRUE,no_games,no,no,
Rok Uwog,,,,,0,,Rok Uwog may refer to: ,TRUE,no_games; no_race; minimal_description,no,no,
Roperi,Human,Female,,,0,,Roperi is a character in the Oracle of Ages manga by Akira Himekawa.  ,TRUE,no_games,no,no,
Rota Ooh,,,,,0,,Rota Ooh may refer to: ,TRUE,no_games; no_race; minimal_description,no,no,
Sah Dahaj,,,,,0,,Sah Dahaj may refer to: ,TRUE,no_games; no_race; minimal_description,no,no,
Sensei,,Female,,,0,,"Sensei, real name Florence, is one of Tingle's love interests in Ripened Tingle's Balloon Trip of Love. ",TRUE,no_games; no_race,no,no,
Sha Gehma,,,,,0,,Sha Gehma may refer to: ,TRUE,no_games; no_race; minimal_description,no,no,
Sha Warvo,,,,,0,,Sha Warvo may refer to: ,TRUE,no_games; no_race; minimal_description,no,no,
Shada Naw,,,,,0,,Shada Naw may refer to: ,TRUE,no_games; no_race; minimal_description,no,no,
Shee Venath,,,,,0,,Shee Venath may refer to: ,TRUE,no_games; no_race; minimal_description,no,no,
Sheem Dagoze,,,,,0,,Sheem Dagoze may refer to: ,TRUE,no_games; no_race; minimal_description,no,no,
Sho Dantu,,,,,0,,Sho Dantu may refer to: ,TRUE,no_games; no_race; minimal_description,no,no,
Shoda Sah,,,,,0,,Shoda Sah may refer to: ,TRUE,no_games; no_race; minimal_description,no,no,
Shora Hah,,,,,0,,Shora Hah may refer to: ,TRUE,no_games; no_race; minimal_description,no,no,
Sing,Unknown,Female,,,0,,"Sing is a character appearing in the episode ""Sing for the Unicorn"" of The Legend of Zelda TV series. She is from a far away land who has come to Hyru",TRUE,no_games; no_race,no,no,
Sir Raven,Hylian,Male,,,0,,Sir Raven is a Knight of Hyrule in service to Queen Ambi in the Oracle of Ages manga by Akira Himekawa. ,TRUE,no_games,no,no,
Sleazenose,Hylian,Male,,,0,,"Sleezenose is a character featured in the ""Stinging a Stinger"" episode of The Legend of Zelda TV series. He especialises in peddling and is known to b",TRUE,no_games,no,no,
Spirit of Good,,,,,0,,The Spirits of Good are deities in Spirit Tracks. They are never seen but often mentioned. They live in the heavens watching over the people of Hyrule,TRUE,no_games; no_race,no,no,
Spryte,Fairy,Female,,,0,,"Spryte is a character in The Legend of Zelda TV series. A small fairy with a pink dress, she lives in North Castle and is friends with Link and Prince",TRUE,no_games,no,no,
Storm,,Male,,,0,,Storm is an animal in The Legend of Zelda .  ,TRUE,no_games; no_race; minimal_description,no,no,
Suhni,,Male,,,0,,Suhni is a character in Link's Awakening for Nintendo Switch. ,TRUE,no_games; no_race,no,no,
Tah Muhl,,,,,0,,Tah Muhl may refer to: ,TRUE,no_games; no_race; minimal_description,no,no,
The Great Deku Tree,,,,,0,,"The Great Deku Tree, also simply referred as the Great Deku Tree or Deku Tree, is the fatherly guardian of the forest who safeguards not only the dens",TRUE,no_games; no_race; likely_enemy,no,no,
Toto Sah,,,,,0,,Toto Sah may refer to: ,TRUE,no_games; no_race; minimal_description,no,no,
Traveling Warrior,Implied ,Male,,,0,,The Traveling Warrior is a character that appears in the Majora's Mask manga by Akira Himekawa He is a hero from a faraway land who came to Termina an,TRUE,no_games,no,no,
Valoo,,,,,0,,Valoo is a character in The Wind Waker. ,TRUE,no_games; no_race; minimal_description,no,no,
Vicente,Hylian,Male,,,0,,Vicente is a character in the Majora's Mask manga by Akira Himekawa. ,TRUE,no_games,no,no,
Voo Lota,,,,,0,,Voo Lota may refer to: ,TRUE,no_games; no_race; minimal_description,no,no,
Watarara,,,,,0,,The Watarara are a race in the Ocarina of Time manga by Akira Himekawa. ,TRUE,no_games; no_race,no,no,
Wind Fish,,,,,0,,"The Wind Fish is a character in Link's Awakening. He is a large, flying whale, able to control the wind, who makes his home atop Mt. Tamaranch on Koho",TRUE,no_games; no_race,no,no,
Ya Naga,,,,,0,,Ya Naga may refer to: ,TRUE,no_games; no_race; minimal_description,no,no,
Yah Rin,,,,,0,,Yah Rin may refer to: ,TRUE,no_games; no_race; minimal_description,no,no,
Yves,Deku Scrub,Male,,,0,,Yves is a character in Cadence of Hyrule. ,TRUE,no_games; minimal_description,no,no,
Zalta Wa,,,,,0,,Zalta Wa may refer to: ,TRUE,no_games; no_race; minimal_description,no,no,
Zeu,Hylian,Male,,,0,,Zeu is a character in the Twilight Princess manga by Akira Himekawa. ,TRUE,no_games,no,no,
